[
  "Africa/Abidjan",
  "Africa/Cairo",
  "Africa/Casablanca",
  "Africa/Johannesburg",
  "Africa/Lagos",
  "Africa/Nairobi",
  "America/Anchorage",
  "America/Argentina/Buenos_Aires",
  "America/Bogota",
  "America/Chicago",
  "America/Denver",
  "America/Detroit",
  "America/Los_Angeles",
  "America/Mexico_City",
  "America/New_York",
  "America/Phoenix",
  "America/Santiago",
  "America/Sao_Paulo",
  "America/Toronto",
  "America/Vancouver",
  "Asia/Bangkok",
  "Asia/Dubai",
  "Asia/Hong_Kong",
  "Asia/Jakarta",
  "Asia/Jerusalem",
  "Asia/Kolkata",
  "Asia/Manila",
  "Asia/Seoul",
  "Asia/Shanghai",
  "Asia/Singapore",
  "Asia/Tokyo",
  "Atlantic/Reykjavik",
  "Australia/Melbourne",
  "Australia/Perth",
  "Australia/Sydney",
  "Europe/Amsterdam",
  "Europe/Athens",
  "Europe/Berlin",
  "Europe/Brussels",
  "Europe/Bucharest",
  "Europe/Budapest",
  "Europe/Copenhagen",
  "Europe/Dublin",
  "Europe/Helsinki",
  "Europe/Istanbul",
  "Europe/Lisbon",
  "Europe/London",
  "Europe/Madrid",
  "Europe/Moscow",
  "Europe/Oslo",
  "Europe/Paris",
  "Europe/Prague",
  "Europe/Rome",
  "Europe/Stockholm",
  "Europe/Vienna",
  "Europe/Warsaw",
  "Europe/Zurich",
  "Pacific/Auckland",
  "Pacific/Honolulu",
  "UTC"
]

