[
  "1. FC Heidenheim",
  "1. FC Kaiserslautern",
  "1. FC Köln",
  "1. FC Magdeburg",
  "1. FC Nürnberg",
  "12 Bingölspor",
  "1899 Hoffenheim",
  "1926 Bulancak",
  "1926 Polatlı Belediye",
  "1º de Agosto",
  "1º de Maio",
  "1º Dezembro",
  "24 Erzincanspor",
  "3K",
  "68 Aksaray Belediyespor",
  "76 Iğdır Belediyespor",
  "A Madrid III",
  "A. Schimatari",
  "A'Ali",
  "ABC",
  "ABECAT Ouvidorense",
  "Aberdeen",
  "Abha",
  "Abia Warriors",
  "Abu Qair Semad",
  "AC Douane",
  "AC Guaratinguetá U20",
  "AC Milan",
  "AC Milan W",
  "AC Palermo",
  "Academica",
  "Académica do Lobito",
  "Acadêmica Vitória",
  "Academico Viseu",
  "Academico Viseu U23",
  "Acambaro",
  "Acatlan",
  "Accra Lions",
  "Accrington ST",
  "ACD Maceratese",
  "Achuapa",
  "Acireale",
  "ACV",
  "AD Carmelita",
  "AD Centro Olímpico U20",
  "AD Ceuta FC",
  "AD Cofutpa",
  "AD Marco 09",
  "AD Parla",
  "AD Sarchí",
  "Adama Kenema",
  "Adana 1954 FK",
  "Adana Demirspor",
  "Adanaspor",
  "Adelaide United",
  "Adelaide United W",
  "ADESG",
  "Adhyaksa",
  "ADO '20",
  "ADO Den Haag",
  "ADO Den Haag U19",
  "ADO Den Haag W",
  "ADR Jicaral",
  "Adriese",
  "Aduana Stars",
  "AE Mykonos",
  "AE Zakakiou",
  "AEK Athens FC",
  "AEK Larnaca",
  "AEL",
  "Aetos Orfani",
  "AF Elbasani",
  "Afantou",
  "AFC Amsterdam",
  "AFC Bournemouth U21",
  "AFC Croydon Athletic",
  "AFC Dunstable",
  "AFC Fylde",
  "AFC Hermannstadt",
  "AFC Hornchurch",
  "AFC Leopards",
  "AFC Portchester",
  "AFC Rushden & Diamonds",
  "AFC Sudbury",
  "AFC Telford United",
  "AFC Totton",
  "AFC Whyteleafe",
  "AFC Wimbledon",
  "Afjet Afyonspor",
  "Afragolese",
  "Afrique Football Élite",
  "Agde",
  "Agoncillo",
  "Ağrı 1970",
  "Água Santa",
  "Água Santa U20",
  "Aguacateros CDU",
  "Águia de Marabá U20",
  "Águia Negra",
  "Águila",
  "Águilas",
  "Águilas II",
  "Ahironas / Onisilos",
  "Aias Salamina",
  "Aigle Noir",
  "Airbus UK",
  "Ajax",
  "Ajax U19",
  "Ajax W",
  "AJEL",
  "Ajman",
  "Akritas",
  "Akrites Sykeon",
  "Al Ahli",
  "Al Ahli Doha",
  "Al Ahly",
  "Al Ain",
  "Al Anwar",
  "Al Arabi",
  "Al Arabi SC",
  "Al Bataeh",
  "Al Baten",
  "Al Bukayriyah",
  "Al Buqa'a",
  "Al Diriyah",
  "Al Fahaheel",
  "Al Faisaly",
  "Al Hilal Omdurman",
  "Al Hussein",
  "Al Ittihad",
  "Al Jabalain",
  "Al Jahra",
  "Al Jandal",
  "Al Jazeera",
  "Al Jazira",
  "Al Jubail",
  "Al Kahrabaa",
  "Al Karama",
  "Al Karkh",
  "Al Khaleej Saihat",
  "Al Kholood",
  "Al Kuwait",
  "AL Masry",
  "Al Merreikh",
  "Al Minaa Basra",
  "Al Najaf",
  "Al Najma",
  "Al Nasar",
  "Al Nasr",
  "Al Okhdood",
  "Al Orubah",
  "Al Qadsia",
  "Al Quwa Al Jawiya",
  "Al Ramtha",
  "Al Riffa",
  "Al Riyadh",
  "Al Sadd",
  "Al Sahel",
  "Al Salmiyah",
  "Al Salt",
  "Al Seeb",
  "Al Shabab",
  "Al Shahaniya",
  "Al Shamal",
  "Al Shorta",
  "Al Shouleh",
  "Al Sulaibikhat",
  "Al Taawon",
  "Al Tadhamon",
  "Al Taee",
  "Al Talaba",
  "Al Taliya",
  "Al Ula",
  "Al Wahda",
  "Al Wahda FC",
  "Al Wakrah",
  "Al Wehda Club",
  "Al Wihdat",
  "Al Zawra'a",
  "Al Zulfi",
  "Al-Adalah",
  "Al-Ahli Jeddah",
  "Al-Arabi SC",
  "Al-Dhafra",
  "Al-Duhail SC",
  "Al-Ettifaq",
  "Al-Faisaly FC",
  "Al-Fateh",
  "Al-Fayha",
  "Al-Gharafa",
  "Al-Hazm",
  "Al-Hidd",
  "Al-Hilal Saudi FC",
  "Al-Ittihad FC",
  "Al-Ittihad Kalba",
  "Al-Jazira",
  "Al-Karma",
  "Al-Khabourah",
  "Al-Nahda",
  "Al-Nassr",
  "Al-Qadisiyah FC",
  "Al-Qasim",
  "Al-Raed",
  "Al-Rayyan SC",
  "Al-Rustaq",
  "Al-Sailiya",
  "Al-Shabab",
  "Al-Wasl FC",
  "Alanya 1221 FK",
  "Alanyaspor",
  "Alaves",
  "Albacete",
  "Albacete II",
  "Albalonga",
  "Alberes Argelès",
  "Albert Quévy-Mons",
  "Albinoleffe",
  "AlbinoLeffe U19",
  "Albion Rovers",
  "Albirex Niigata S",
  "Alcione",
  "Alcobendas Sport",
  "Alcorcon",
  "Alcorcón II",
  "Alcoyano",
  "Alcúdia",
  "Aldershot Town",
  "Alebrijes de Oaxaca",
  "Alemannia Aachen",
  "Alençon",
  "Alexandreia",
  "Alfaro",
  "Alfreton Town",
  "Algeciras",
  "Algeria",
  "Alhama",
  "Alhaurino",
  "Aliağa FAŞ",
  "Alianza",
  "Alianza FC",
  "All Saints United",
  "Alloa Athletic",
  "Almazán",
  "Almere City FC",
  "Almere City II",
  "Almeria",
  "Almería II",
  "Almudévar",
  "Alondras",
  "Alpendorada",
  "Altavilla",
  "Altay",
  "Altınordu",
  "Altos",
  "Altrincham",
  "Aluminium Arak",
  "Alvechurch",
  "Alverca",
  "Alzira",
  "Amagaju",
  "Amarante",
  "Amarynthiakos",
  "Amasyaspor 1968",
  "Amawele",
  "Amazonas",
  "Amazulu",
  "AmaZulu U23",
  "Amed",
  "America Mineiro",
  "América Mineiro U20",
  "América RJ U20",
  "América RN U20",
  "América SE",
  "América W",
  "America-RN",
  "América-SP U20",
  "Amiens",
  "Amiens SC II",
  "Amora",
  "Amorebieta",
  "Anadolu Üniversitesi",
  "Anagennisi Artas",
  "Anagennisi Karditsas",
  "Anapolina",
  "Anápolis",
  "Ancona",
  "Anderlecht",
  "Anderlecht W",
  "Andorra CF",
  "Andratx",
  "Andraus Brasil",
  "Andrézieux",
  "Angers",
  "Angers SCO II",
  "Anges Verts",
  "Angkor Tiger",
  "Anglet Genets",
  "Angola",
  "Angoulême",
  "Anguiano",
  "Ankara Demirspor",
  "Ankaragücü",
  "Ankaraspor",
  "Annagh United",
  "Annan Athletic",
  "Annecy",
  "Añorga",
  "Anorthosis",
  "Anstey Nomads",
  "Antalyaspor",
  "Antequera",
  "Anthoupoli",
  "Antigua GFC",
  "Antioquia",
  "Antoniano",
  "Antwerp",
  "Anzio",
  "AO Itabaiana",
  "Aoiz",
  "Aparecidense",
  "APEA",
  "Apoel Nicosia",
  "Apollon Kalyt.",
  "Apollon KV",
  "Apollon Limassol",
  "Apollon Pontou",
  "Apolonia Fier",
  "APR",
  "APS Bomet",
  "AR São Martinho",
  "Araçatuba U20",
  "Arandina",
  "Arba Minch Kenema",
  "Ardoi",
  "Ards",
  "Arema FC",
  "Arenas Armilla",
  "Arenas Getxo",
  "Arenteiro",
  "Aretxabaleta",
  "Arezzo",
  "Arges Pitesti",
  "Ariana",
  "Ario Eslamshahr",
  "Aris",
  "Aris Filiates",
  "Aris Petroupolis",
  "Aris Thessalonikis",
  "Armagh City",
  "Arminia Bielefeld",
  "Arnavutköy Belediyespor",
  "Arnedo",
  "Arnett Gardens",
  "Arosa",
  "Arouca",
  "Arsenal",
  "Arsenal U21",
  "Artesanos Metepec",
  "Artilheiros",
  "Artvin Hopaspor",
  "ARUC",
  "Arucas",
  "Aruko Sports",
  "Arzignano Valchiampo",
  "AS Agareb",
  "AS Camberene",
  "AS Cotonou",
  "AS Eupen",
  "AS Gabes",
  "AS Kasserine",
  "AS Kigali",
  "AS Marsa",
  "AS New Soger",
  "AS Roma",
  "AS Sobemap",
  "AS Soliman",
  "ASA",
  "Asante Kotoko",
  "Ascoli",
  "Ascoli U19",
  "Ascot United",
  "ASD Sasso Marconi",
  "Aserri FC",
  "Ashanti Gold",
  "Ashdod",
  "Ashford United",
  "Ashton United",
  "ASIL Lysi",
  "ASKO",
  "ASM Oran",
  "ASPAC",
  "ASPTT Dijon",
  "Assisense U20",
  "Asteras Kaisarianis",
  "Asteras Kard.",
  "Asteras Stavros",
  "Asteras Tripolis",
  "Asteras Tripolis II",
  "Asteras Varis",
  "Asti",
  "Aston Villa",
  "Aston Villa U21",
  "ASVO",
  "Aswan Sc",
  "ASWH",
  "Asyut Petrol",
  "Atalanta",
  "Atalanta II",
  "Atalanta U20",
  "Atherton Collieries",
  "Athletic Carpi",
  "Athletic Club",
  "Ath­let­ic Club",
  "Athletic Club II",
  "Athletic Club MG U20",
  "Athletic Club W",
  "Athletico PR U20",
  "Atl. San Luis U21",
  "Atlante FC",
  "Atlántico",
  "Atlas",
  "Atlas U21",
  "Atlas W",
  "Atlètic Club d'Escaldes",
  "Atlètic Lleida",
  "Atlético Alagoinhas",
  "Atlético Alagoinhas U20",
  "Atlético Albericia",
  "Atlético Artajonés",
  "Atlético Arteixo",
  "Atletico Ascoli",
  "Atlético Astorga",
  "Atlético Baleares",
  "Atlético Cajazeirense",
  "Atlético Central",
  "Atlético CP",
  "Atlético Gloriense",
  "Atletico Goianiense",
  "Atletico Hidalgo",
  "Atletico Lodigiani",
  "Atletico Madrid",
  "Atlético Madrid II",
  "Atletico Madrid W",
  "Atlético Malveira",
  "Atlético Mansillés",
  "Atlético Mineiro U20",
  "Atlético Monzón",
  "Atlético Onubense",
  "Atlético Pantoja",
  "Atletico Paranaense",
  "Atlético Paso",
  "Atlético Piauiense",
  "Atlético Piauiense U20",
  "Atlético Porcuna",
  "Atlético Pueblonuevo",
  "Atlético Pulpileño",
  "Atletico San Luis",
  "Atlético San Luis W",
  "Atlético Tordesillas",
  "Atletico-MG",
  "Atromitos",
  "Atsalenios",
  "Attacking Saints",
  "Attram de Visser",
  "Atzeneta",
  "Aubagne",
  "Aubervilliers",
  "Auckland",
  "Auckland FC 2",
  "Audace Cerignola",
  "Aurora",
  "Aurrerá Vitoria",
  "Autol",
  "Auxerre",
  "Auxerre II",
  "Avai",
  "Avance Ezcabarte",
  "Aveley",
  "Avellino",
  "Avellino U19",
  "Avenida",
  "Avilés Stadium",
  "Avranches",
  "Avro",
  "AVS",
  "Awassa Kenema",
  "Ayema",
  "Ayeyawady United",
  "Ayia Napa",
  "Aylesbury United",
  "Ayutthaya FC",
  "Ayvalikgucu",
  "AZ",
  "AZ Alkmaar",
  "AZ Picerno",
  "AZ U19",
  "Azam",
  "Azuaga",
  "Azuqueca",
  "Azuriz",
  "Baath Bouhajla",
  "Badajoz",
  "Badalona",
  "Baghdad",
  "Bahardar",
  "Bahia",
  "Bahia de Feira",
  "Bahia U20",
  "Bahla",
  "Bahrain SC",
  "Bakaridjan",
  "Bala Azul",
  "Bala Town",
  "Baladiyyat Al Mehalla",
  "Balagne",
  "Balestier Khalsa",
  "Bali United",
  "Balıkesirspor",
  "Ballinamallard United",
  "Ballymena United",
  "Balsicas Atlético",
  "Balzan FC",
  "Bamber Bridge",
  "Banbury United",
  "Bandari",
  "Bandeirante U20",
  "Bandırmaspor",
  "Bangkok",
  "Bangkok Glass",
  "Bangkok United",
  "Bangor",
  "Bangu",
  "Bangu U20",
  "Bani Gansè",
  "Baniyas SC",
  "Banks O' Dee",
  "Bantu",
  "Barakaldo",
  "Barau FC",
  "Barbadás",
  "Barbastro",
  "Barcelona",
  "Barcelona B",
  "Barcelona BA",
  "Barcelona W",
  "Barco",
  "Barendrecht",
  "Bari",
  "Bari U19",
  "Barito Putera",
  "Barletta",
  "Barnet",
  "Barnsley",
  "Barnsley U21",
  "Baroka FC",
  "Barquereño",
  "Barra",
  "Barra SC U20",
  "Barrow",
  "Barry Town",
  "Barton Rovers",
  "Barwell",
  "Basake Holy Stars",
  "Başakşehir",
  "Basconia",
  "Basford United",
  "Bashley",
  "Basingstoke Town",
  "Bassano Virtus",
  "Bassin d'Arcachon Sud",
  "Bastia",
  "Bastia II",
  "Bastia-Borgo",
  "Bataguassu",
  "Batalhão FC U20",
  "Bath City",
  "Batman Petrolspor",
  "Bayelsa United",
  "Bayer Leverkusen",
  "Bayern München",
  "Bayonne",
  "BB Bodrumspor",
  "BC Rangers",
  "BDF XI",
  "Be'sat Kermanshah",
  "Beaconsfield Town",
  "Beasain",
  "Beauvais",
  "Becerril Campos",
  "Béchar Djedid",
  "Bechem United",
  "Beckenham Town",
  "Bedfont Sports",
  "Bedford Town",
  "Bedworth United",
  "Beerschot VA",
  "Beitar Jerusalem",
  "Beitar Yavne",
  "Bekasi City",
  "Belchite 97",
  "Belediye Derincespor",
  "Belfort",
  "Belper Town",
  "Bembibre",
  "Bendel Insurance",
  "Benevento",
  "Benevento U19",
  "Benfica",
  "Benfica B",
  "Benfica U23",
  "Benin",
  "Berceo",
  "Berekum Arsenal",
  "Berekum Chelsea",
  "Bergantiños",
  "Berkhamsted",
  "Berwick Rangers",
  "Besa Kavajë",
  "Besançon",
  "Beşiktaş",
  "Beti Kozkor",
  "Beti Onak",
  "Betim",
  "Beykoz İshaklıspor",
  "Beyoğlu Yeni Çarşı",
  "Bezana",
  "Bhayangkara FC",
  "Bibiani Gold Stars",
  "Bidco United",
  "Bideford",
  "Bidezarra",
  "Biellese",
  "Biesheim",
  "Biggleswade",
  "Biggleswade Town",
  "Billericay Town",
  "Binéfar",
  "Binfield",
  "Binga",
  "Binissalem",
  "Birkirkara",
  "Birmingham",
  "Birmingham City U21",
  "Birzebbuga",
  "Bishop's Cleeve",
  "Bishop's Stortford",
  "Black Leopards",
  "Black Lions",
  "Blackburn",
  "Blackburn Rovers U21",
  "Blackpool",
  "Blagnac",
  "Blauw Geel",
  "Blessing",
  "Blois",
  "Bnei Sakhnin",
  "Bnei Yehuda",
  "Bo'ness United",
  "Boavista SC",
  "Bobigny",
  "Boca Juniors",
  "Bochum II",
  "Bodo/Glimt",
  "Boeung Ket",
  "Bognor Regis Town",
  "Boiro",
  "Boldmere St. Michaels",
  "Bolga AllStars",
  "Bolivia",
  "Bollullos",
  "Bologna",
  "Bologna U20",
  "Bolton",
  "Boluspor",
  "Bombada",
  "Bonner SC",
  "Bonnyrigg Rose Athletic",
  "Bootle",
  "Bordeaux",
  "Boreham Wood",
  "Bornova 1877",
  "Borussia Dortmund",
  "Borussia Dortmund II",
  "Borussia M'gladbach II",
  "Borussia Mönchengladbach",
  "Boston United",
  "Botafogo",
  "Botafogo PB",
  "Botafogo SP",
  "Botafogo SP U20",
  "Botafogo U20",
  "Botswana",
  "Bouchamma",
  "Bougouni",
  "Boulogne",
  "Bourg-en-bresse 01",
  "Bourges Foot 18",
  "Bourgoin-Jallieu",
  "Bourne Town",
  "Bournemouth",
  "Bouselem",
  "Bowers & Pitsea",
  "Bra",
  "Brackley Town",
  "Bracknell Town",
  "Bradford",
  "Braintree",
  "Brann",
  "Brantham Athletic",
  "Brasília",
  "Brasiliense",
  "Brasiliense U20",
  "Bravos do Maquis FC",
  "Brechin",
  "Breno",
  "Brentford",
  "Brentford U21",
  "Brentwood Town",
  "Brest II",
  "Brétigny Foot",
  "Brian Lignano",
  "Brickfield Rangers",
  "Brightlingsea Regent",
  "Brighton",
  "Brighton U21",
  "Brikama United",
  "Brisbane Roar",
  "Brisbane Roar FC W",
  "Bristol City",
  "Bristol City U21",
  "Bristol Manor Farm",
  "Bristol Rovers",
  "Britannia",
  "Briton Ferry",
  "Brixham",
  "Broadbridge Heath",
  "Broki",
  "Bromley",
  "Bromsgrove Sporting",
  "Brora Rangers",
  "Broxburn Athletic",
  "Brusaporto",
  "Brusque",
  "BSC Young Boys",
  "BST Galaxy",
  "Bubali",
  "Buca FK",
  "Buckie Thistle",
  "Buckley Town",
  "Budaiya",
  "Budoni",
  "Buffles",
  "Bugesera",
  "Buhimba Saints",
  "Bukavu Dawa",
  "BUL",
  "Bula",
  "Bumamuru",
  "Buñol",
  "Burgan",
  "Burgess Hill Town",
  "Burgos",
  "Burgos Promesas",
  "Buriram United",
  "Burkina Faso",
  "Burnley",
  "Burnley U18",
  "Burnley U21",
  "Burreli",
  "Bursa Yıldırımspor",
  "Bursaspor",
  "Burton Albion",
  "Bury",
  "Bury Town",
  "Buxton",
  "Bylis",
  "C' Chartres",
  "CA Batna",
  "CA Bizertin",
  "CA La Paz",
  "Cabeza Buey",
  "Cacahuatique",
  "Cacereño",
  "Cadiz",
  "Cádiz II",
  "Caen",
  "Caen II",
  "Caernarfon Town",
  "Caersws",
  "Cagliari",
  "Cagliari U20",
  "Cailungo",
  "Cairese",
  "Caja Oblatos CFD",
  "Calahorra",
  "Calamocha",
  "Calamonte",
  "Caldas",
  "Caldiero Terme",
  "Caledonian Braves",
  "Calendar",
  "Calor de San Pedro",
  "Calvary",
  "Calvi Noale",
  "Calvo Sotelo",
  "Camaiore",
  "Cambados",
  "Camboriú",
  "Cambridge City",
  "Cambridge United",
  "Cambuur",
  "Cameroon",
  "Campinense",
  "Campobasso FC",
  "Campodarsego",
  "Can Vidalet",
  "Canaã U20",
  "Canberra United W",
  "Cancún",
  "Canet Roussillon",
  "Çankaya FK",
  "Cannara",
  "Cannes",
  "Cannet Rocheville",
  "Cañoneros Marina",
  "Canvey Island",
  "Cape Town City",
  "Capital Brasilia",
  "Capivariano",
  "Capivariano U20",
  "Capixaba SC",
  "Carabanchel",
  "Carajás U20",
  "Cardassar",
  "Cardiff",
  "Cardiff City U21",
  "Cardiff MET",
  "Cariari Pococi",
  "Cariñena",
  "Carlisle",
  "Carlos Renaux",
  "Carlton Town",
  "Carnoux",
  "Carrarese",
  "Carrick Rangers",
  "Carroi",
  "Carshalton Athletic",
  "Cartagena LU II",
  "Cartes",
  "Casa Pia",
  "Casa Sport",
  "Casarano",
  "Cascavel",
  "Cascavel U20",
  "Casertana",
  "Caspe",
  "Casric Stars",
  "Cassino",
  "Castanet",
  "Castelfidardo Calcio",
  "Castellanzese",
  "Castellón",
  "Castellón II",
  "Castellonense",
  "Castilleja",
  "Castro",
  "CastrumFavara",
  "Catania",
  "Catanzaro",
  "Catanzaro U19",
  "Caudal",
  "Cavalier",
  "Cavaliers",
  "Cavese",
  "Caxias",
  "Çayelispor",
  "Cayón",
  "Cazalegas",
  "CD Arabe Unido",
  "CD Coria",
  "CD Lunda-Sul",
  "CDJ Tamarite",
  "CDS Tampico Madero",
  "Ceara",
  "Ceará U20",
  "Ceares",
  "Ceilândia",
  "Celaya",
  "Céleste",
  "Celle Varazze",
  "Celta de Vigo II",
  "Celta de Vigo III",
  "Celta Vigo",
  "Celtic",
  "Celtic II",
  "Celtiga",
  "Central",
  "Central Coast Mariners",
  "Central Coast Mariners W",
  "Centre Chiefs",
  "Centro Oeste",
  "CEOV Operário",
  "Ceramica Cleopatra",
  "Cercle Brugge",
  "Cercle Brugge II",
  "Cerdanyola del Vallès",
  "Cesena",
  "Cesena U20",
  "Cesson",
  "Ceuta II",
  "CF Os Belenenses",
  "CF Talavera",
  "CFR 1907 Cluj",
  "CFRJ / Maricá",
  "Chadormalu SC",
  "Chaidari",
  "Chainat",
  "Challans",
  "Chalon",
  "Chamalières",
  "Chambly Thelle FC",
  "Champasak United",
  "Chanthaburi",
  "Chantilly",
  "Chapada",
  "Chapecoense U20",
  "Chapecoense-sc",
  "Chapelton",
  "Chapulineros",
  "Charleroi",
  "Charlton",
  "Charlton Athletic U21",
  "Chasetown",
  "Chasselay MDA",
  "Châteaubriant",
  "Chateauroux",
  "Châteauroux II",
  "Châtellerault",
  "Chatham Town",
  "Chauray",
  "Chauvigny",
  "Chaves",
  "Chaves II",
  "Chelmsford City",
  "Chelsea",
  "Chelsea U21",
  "Cheltenham",
  "Chemal",
  "Cheng Fung",
  "Chertsey Town",
  "Chesham United",
  "Cheshunt",
  "Chester",
  "Chesterfield",
  "Chiangmai United",
  "Chiangrai United",
  "Chiba",
  "Chichester City",
  "Chiclana",
  "Chieti",
  "Chievo",
  "Chilpancingo",
  "Chippa United",
  "Chippa United U23",
  "Chippenham Town",
  "Chisola",
  "Chonburi FC",
  "Chorley",
  "Chrudim",
  "Churriana Vega",
  "Cianorte",
  "Cibao",
  "Ciervos",
  "Cieza",
  "Cimarrones",
  "Cirbonero",
  "Città di Fasano",
  "Città di Varese",
  "Cittadella",
  "Cittadella U19",
  "Cittadella Vis Modena",
  "Ciudad de Lucena",
  "Ciudad de Torredonjimeno",
  "Civil Service Strollers",
  "Cjarlins Muzane",
  "Clachnacuddin",
  "Cleethorpes Town",
  "Clermont Foot",
  "Cliftonville FC",
  "Clitheroe",
  "Clodiense",
  "Club Africain",
  "Club America",
  "Club America U21",
  "Club Brugge II",
  "Club Brugge KV",
  "Club Brugge W",
  "Club Leon U21",
  "Club Milano",
  "Club Queretaro",
  "Club Sando",
  "Club Tijuana",
  "Club Tijuana U21",
  "Clyde",
  "Clydebank",
  "Coastal Union",
  "Cobán Imperial",
  "Colchester",
  "Colchester United U21",
  "Colegios Diocesanos",
  "Coleraine FC",
  "Coleshill Town",
  "Colima",
  "Colindres",
  "College 1975",
  "Collerense",
  "Colmar",
  "Colomiers",
  "Colonia Moscardó",
  "Colunga",
  "Colwyn Bay",
  "Comercial de Tietê U20",
  "Comercial U20",
  "Comillas",
  "Como",
  "Como U19",
  "Como W",
  "Comoros",
  "Compostela",
  "Comunicaciones",
  "Concarneau",
  "Concord Rangers",
  "Concórdia",
  "Conegliano",
  "Confiança",
  "Confianca PB",
  "Confiança PB U20",
  "Congleton Town",
  "Congo DR",
  "Conil",
  "Conquense",
  "Constància",
  "Corby Town",
  "Cordoba",
  "Córdoba II",
  "Cordobés",
  "Corí-Sabbá",
  "Coria CF",
  "Coriano",
  "Corinthians",
  "Corinthians U20",
  "Coritiba",
  "Coritiba U20",
  "Çorluspor 1947",
  "Cornellà",
  "Correcaminos Uat",
  "Correcaminos UAT II",
  "Correggese",
  "Cortes",
  "Corumbaense",
  "Coruña",
  "Coruripe",
  "Coruxo",
  "Cosenza",
  "Cosenza U19",
  "Cosmopolitano Sports U20",
  "Cosmos",
  "Costa Rica",
  "Coton Sport Ouidah",
  "Covadonga",
  "Cove Rangers",
  "Coventry",
  "Coventry City U21",
  "Coventry Sphinx",
  "Cowdenbeath",
  "CPK",
  "CR Aquidauana",
  "CR Béni Thour",
  "CRAC",
  "Crawley Town",
  "Cray Valley PM",
  "Cray Wanderers",
  "CRB",
  "CRB Adrar",
  "Crema",
  "Cremonese",
  "Cremonese U19",
  "Creteil",
  "Crevillente",
  "Crewe",
  "Crewe Alexandra U21",
  "Criciuma",
  "Criciuma U20",
  "Cristo Atlético",
  "Croix Football IC",
  "Crossing Schaerbeek",
  "Crotone",
  "Crotone U19",
  "Crowborough Athletic",
  "Crusaders FC",
  "Cruz Azul",
  "Cruz Azul U21",
  "Cruz Azul W",
  "Cruzeiro",
  "Cruzeiro Arapiraca",
  "Cruzeiro U20",
  "Crystal Palace",
  "Crystal Palace U21",
  "CS Cartagines",
  "CS Chebba",
  "CS Hammam-Lif",
  "CS Herediano",
  "CS Manika",
  "CS Sfaxien",
  "CS Uruguay",
  "CSA",
  "CSA U20",
  "CSE",
  "CSE U20",
  "Csikszereda",
  "Cuarte",
  "Cuiaba",
  "Cuiabá U20",
  "Cukaricki",
  "Cultural Leonesa",
  "Cultural Leonesa II",
  "Cumbernauld Colts",
  "Cunupia",
  "Curzon Ashton",
  "Dadjè",
  "Dagenham & Redbridge",
  "Dagon",
  "Dagon Port",
  "Dakota",
  "Damac",
  "Damansara",
  "Damascus Al-Ahli",
  "Damash Gilanian",
  "Damissa",
  "Dangkor Senchey",
  "Darajani Gogo",
  "Darlaston Town",
  "Darlington 1883",
  "Dartford",
  "Dauphins Noirs",
  "Davao Aguilas",
  "Dayrout",
  "De Graafschap",
  "De Treffers",
  "Deal Town",
  "Debibi United",
  "Decisão",
  "Defence Force",
  "Delfines Del Este",
  "Deltras",
  "Democrata GV",
  "Den Bosch",
  "Denbigh Town",
  "Dender",
  "Denizli İYG",
  "Deportiva Minera",
  "Deportiva Venados",
  "Deportivo Alavés II",
  "Deportivo Alavés III",
  "Deportivo Ayense",
  "Deportivo de La Coruña W",
  "Deportivo La Coruna",
  "Deportivo La Coruña II",
  "Deportivo Saprissa",
  "Deportivo Universitario",
  "Deportivo Upala",
  "Deportivo Zap",
  "Derby",
  "Derby Academie",
  "Derby County U21",
  "Derio",
  "Derthona",
  "Desenzano Calvina",
  "Desportiva Aracaju",
  "Desportiva ES",
  "Desportivo Huíla",
  "Dessel Sport",
  "Deusto",
  "Deveronvale",
  "Dewa United",
  "Dhofar",
  "Diagoras",
  "Diarra",
  "Dibba Al-Fujairah",
  "Didcot Town",
  "Diegem Sport",
  "Dieppe",
  "Digenis Morphou",
  "Dijon",
  "Dijon II",
  "Dijon W",
  "Diksmuide",
  "Dimona",
  "Dinamo Bucuresti",
  "Dinamo Makhachkala",
  "Dinamo Tirana",
  "Dinamo Zagreb",
  "Dinan Léhon",
  "Diocesano",
  "Dire Dawa Kenema",
  "Diriangén",
  "Dives-Cabourg",
  "Diyala",
  "Diyarbekirspor",
  "Djelma",
  "Djoliba",
  "Dodoma Jiji",
  "Dolomiti Bellunesi",
  "Domagnano",
  "Don Benito",
  "Don Bosco",
  "Doncaster",
  "Dorados",
  "Dorchester Town",
  "Dordrecht",
  "Dorense",
  "Dorking Wanderers",
  "Dormaa",
  "Dos Hermanas",
  "Dourados Atlético",
  "Dover",
  "Dovo",
  "Downham Town",
  "Doxa",
  "Doxa Dramas",
  "DPMM FC",
  "Dragones de Oaxaca",
  "Dragons",
  "Drancy",
  "Drapeau Fougères",
  "Dreams",
  "DSC",
  "Duhok",
  "Dukla Praha II",
  "Dulwich Hamlet",
  "Dumbarton",
  "Dunbeholden",
  "Dundee",
  "Dundee Utd",
  "Dundela",
  "Dungannon Swifts",
  "Dunkerque",
  "Durango",
  "Durban City",
  "Dutch Lions",
  "Düzcespor",
  "DVS 33 Ermelo",
  "Dynamic Herb Cebu",
  "Dynamik",
  "Dynamo Abomey",
  "Dynamo Dresden",
  "East Fife",
  "East Grinstead Town",
  "East Kilbride",
  "East Stirlingshire",
  "Eastbourne Borough",
  "Eastbourne Town",
  "Eastern",
  "Eastern District",
  "Eastleigh",
  "Ebbsfleet United",
  "Ebony FC",
  "Ebro",
  "Ebusua Dwarfs",
  "EC de Patos",
  "EC Meia Noite U20",
  "Edf Logrono W",
  "Edinburgh City",
  "Edirnespor",
  "Eemdijk",
  "Egaleo",
  "Egham Town",
  "Egnatia Rrogozhinë",
  "EGS Gafsa",
  "Egypt",
  "Eibar",
  "Eibar II",
  "Eibar III",
  "Eibar W",
  "Eintracht Braunschweig",
  "Eintracht Frankfurt",
  "Ejea",
  "El Dakhleya",
  "El Entag EL Harby",
  "El Geish",
  "El Gouna FC",
  "El Kanemi Warriors",
  "El Mansura",
  "El Mokawloon",
  "El Palmar",
  "El Palo",
  "El Seka El Hadid",
  "Elassona",
  "Elazığspor",
  "Elche",
  "Elche II",
  "Eldense",
  "Eleven Wise",
  "Eleven Wonders",
  "Elgin City",
  "Ellas Syros",
  "Elmina Sharks",
  "EM Mahdia",
  "Emmen",
  "Empoli",
  "Empoli U19",
  "Energie Cottbus",
  "Enfield 1893",
  "Enfield Town",
  "Enna",
  "Enosis",
  "Enppi",
  "Ensenada",
  "Entebbe UPPC",
  "Enugu Rangers",
  "Enyimba",
  "EO Sidi Bouzid",
  "Eordaikos",
  "Épila",
  "Epinal",
  "Equatorial Guinea",
  "Equity Bank",
  "Erbaaspor",
  "Erbil",
  "Ergué-Gaberic",
  "Erith Town",
  "Ermis Exochi",
  "Ermis Meligous",
  "Erokspor",
  "Erzgebirge Aue",
  "Erzin Spor",
  "Erzurum BB",
  "ES Hammam-Sousse",
  "ES Metlaoui",
  "ES Sahel",
  "ES Tunis",
  "ES Zarzis",
  "Esan Pattaya",
  "Escobedo",
  "Escorpiones Belén",
  "Eskişehirspor",
  "Espanyol",
  "Espanyol II",
  "Espanyol W",
  "Esperança d'Andorra",
  "Espoir Savalou",
  "Esporte de Patos U20",
  "Estac Troyes",
  "Este",
  "Esteghlal FC",
  "Esteghlal Khuzestan",
  "Estepona",
  "Estoril",
  "Estoril U23",
  "Estradense",
  "Estrela",
  "Estrela De Marco U20",
  "Estrela U23",
  "Estrella",
  "Ethiopia Bunna",
  "Ethiopia Nigd Bank",
  "Ethiopian Medhin",
  "Ethnikos Achna",
  "Ethnikos Latsion",
  "Ethnikos Neou Keramidiou",
  "Ethnikos Piraeus",
  "Etimesgut Belediyespor",
  "Etincelles",
  "Etoile de Kivu",
  "Europa",
  "Europa Fc",
  "Europa II",
  "Europa Point",
  "Everton",
  "Everton U21",
  "Evesham United",
  "Evosmou",
  "Excelsior",
  "Excelsior '31",
  "Excelsior Maassluis",
  "Excelsior Virton",
  "Excelsior W",
  "Exeter City",
  "Exmouth",
  "Express",
  "Extension Gunners",
  "Extremadura 1924",
  "Eyüpspor",
  "Ezra",
  "Ezulwini United",
  "Faetano",
  "Fafe",
  "Fajr Sepasi",
  "Falcon",
  "Falcon U20",
  "Falcons",
  "Falkirk",
  "Falmouth Town",
  "Famalicao",
  "Famalicão U23",
  "Fard Alborz",
  "Fareham Town",
  "Farense",
  "Farense U23",
  "Farnborough",
  "Farnham Town",
  "Farul Constanta",
  "FAS",
  "Fasil Ketema",
  "Fatih Karagümrük",
  "Fatsa Belediyespor",
  "Faversham Town",
  "FC Andorra",
  "FC Augsburg",
  "FC Basel 1893",
  "FC Bocholt",
  "FC Botosani",
  "FC BW Linz",
  "FC Cartagena",
  "FC Copenhagen",
  "FC Eindhoven",
  "FC Fleury 91 W",
  "FC Gutersloh",
  "FC Halifax Town",
  "FC Ingolstadt 04",
  "FC Inter Wanica",
  "FC Jerusalem",
  "FC Juarez",
  "FC Lebbeke",
  "FC Levante Badalona",
  "FC Lisse",
  "FC Lugano",
  "FC Luzern",
  "FC Midtjylland",
  "FC Mk de Kinshasa",
  "FC OSS",
  "FC Porto",
  "FC Porto B",
  "FC Racing",
  "FC Renaissance",
  "FC Saarbrücken",
  "FC Santa Coloma",
  "FC Santiago",
  "FC Schalke 04",
  "FC Schweinfurt 05",
  "FC Siena",
  "FC Sion",
  "FC ST. Gallen",
  "FC St. Pauli",
  "FC Thun",
  "FC Tshikas",
  "FC Viktoria Köln",
  "FC Volendam",
  "FC Volendam U19",
  "FC Winterthur",
  "FC Zurich",
  "FCSB",
  "Feignies-Aulnoye",
  "Feirense",
  "Felanitx",
  "Felgueiras 1932",
  "Felixstowe & Walton Utd",
  "Fenerbahçe",
  "FeralpiSalò U19",
  "Ferencvarosi TC",
  "Ferrandina",
  "Ferroviária",
  "Ferroviária U20",
  "Ferroviario",
  "Ferroviario U20",
  "Fethiyespor",
  "Feurs",
  "Feyenoord",
  "Feyenoord U19",
  "Feyenoord W",
  "Fgura United",
  "Fidelis Andria",
  "Figueirense",
  "Figueirense U20",
  "Fiorentina",
  "Fiorentina U20",
  "Fiorentina W",
  "Fiorentino",
  "Firpo",
  "Fjolnir",
  "FK Crvena Zvezda",
  "FK Kukesi",
  "Flackwell Heath",
  "Flambeau du Centre",
  "Flamengo",
  "Flamengo SP U20",
  "Flaminia",
  "Flamurtari",
  "Fleetwood Town",
  "Fleetwood Town U21",
  "Fleury 91",
  "Flint Mountain",
  "Flint Town United",
  "Flora",
  "Floresta",
  "Florgrade",
  "Floriana",
  "Fluminense",
  "Fluminense PI",
  "Fluminense U20",
  "Foggia",
  "Folgore",
  "Folgore Caratese",
  "Foligno Calcio",
  "Folkestone Invicta",
  "Foolad FC",
  "Forest Green",
  "Forfar Athletic",
  "Forli",
  "Formartine United",
  "Formentera",
  "Forres Mechanics",
  "Fortaleza EC",
  "Fortaleza U20",
  "Forte FC",
  "Forte U20",
  "Fortuna Düsseldorf",
  "Fortuna Düsseldorf II",
  "Fortuna Köln",
  "Fortuna Sittard",
  "Fortune",
  "Fortune Sacco",
  "Fos",
  "Fossombrone",
  "Fountain Gate",
  "Foutoua",
  "Foz Do Iguacu",
  "Fram Reykjavik",
  "Francana U20",
  "Francavilla",
  "Francs Borains",
  "Francs Borains U21",
  "Fraserburgh",
  "Fréjus St-Raphaël",
  "Frome Town",
  "Frosinone",
  "Frosinone U20",
  "FSV Mainz 05",
  "Fuenlabrada",
  "Fuerte San Francisco",
  "Fulham",
  "Fulham U21",
  "Furiani-Agliani",
  "Futbol Consultants Moravia",
  "Future FC",
  "Future Stars",
  "Fylkir",
  "Gabon",
  "Gaborone United",
  "Gainsborough Trinity",
  "Gala Fairydean Rovers",
  "Galapagar",
  "Galata",
  "Galatasaray",
  "Galaxy",
  "Galícia",
  "Gallia Lucciana",
  "Galvez",
  "Galvez U20",
  "Gama",
  "GAP Connah S Quay FC",
  "Garage Express",
  "Garden Stars",
  "Garelli United",
  "Garudayaksa",
  "Gasogi United",
  "Gateshead",
  "Gavilanes FC Matamoros",
  "Gavorrano",
  "Gazelec FC Ajaccio",
  "Gazişehir Gaziantep",
  "GC Mascara",
  "Gela",
  "Gelbison",
  "Gemert",
  "Genclerbirligi",
  "Gendrim",
  "Génération Foot",
  "Genk",
  "Genk W",
  "Genoa",
  "Genoa U20",
  "Genoa W",
  "Gent",
  "Gent W",
  "Gernika",
  "Getafe",
  "Getafe II",
  "Gévora",
  "Geylang International",
  "Gharraf",
  "Ghazl El Mehalla",
  "Ghivizzano Borgo Mozzano",
  "Giana Erminio",
  "Gicumbi",
  "Gijón Industrial",
  "GIL Vicente",
  "Gil Vicente U23",
  "Gillingham",
  "Gimnastic",
  "Gimnástica Segoviana",
  "Gimnástica Torrelavega",
  "Giouchtas",
  "Giresunspor",
  "Girona",
  "Girona II",
  "Giugliano",
  "Glacis United",
  "Glenavon FC",
  "Glentoran",
  "Globo",
  "Gloucester City",
  "GO Ahead Eagles",
  "Gobelins",
  "GOES",
  "Goias",
  "Goiás U20",
  "Goiatuba EC",
  "Gol Gohar",
  "Golden Arrows",
  "Golden Arrows U23",
  "Golden Kicks",
  "Golden Warriors",
  "Gomora United FC",
  "GOR Mahia",
  "Gorée",
  "Gorilas de Juanacatlan",
  "Gorilla",
  "Gorilla of the Universe",
  "Gorleston",
  "Gosport Borough",
  "Göztepe",
  "Gozzano",
  "GPA",
  "Grama",
  "Granad. Tenerife W",
  "Granada",
  "Granada CF",
  "Granada II",
  "Graniths Agias Marinas",
  "Granville",
  "Grasse",
  "Grasshoppers",
  "Gravina",
  "Grays Athletic",
  "Great Ambitions",
  "Great Olympics",
  "Greater Tomorrow",
  "Green Buffaloes",
  "Green City",
  "Green Eagles",
  "Green Farmers FC",
  "Green Mamba",
  "Gremio",
  "Grêmio Prudente",
  "Gremio Prudente U20",
  "Grêmio São-Carlense U20",
  "Grêmio U20",
  "Grenades",
  "Grenoble",
  "Gresford Athletic",
  "Gretna 2008",
  "Grimsby",
  "Groene Ster",
  "Groningen",
  "Grosseto",
  "Groupe Bazano",
  "Guadalajara",
  "Guadalajara Chivas",
  "Guadalajara Chivas U21",
  "Guadalajara II",
  "Guadalajara W",
  "Guadalupe FC",
  "Guanabara City U20",
  "Guarani Campinas",
  "Guarani U20",
  "Guarany de Bagé",
  "Guarany SE",
  "Guarnizo",
  "Guastatoya",
  "Gubbio",
  "Gucha Stars",
  "Gudja United",
  "Guédiawaye",
  "Guelson FC",
  "Guerreros",
  "Guidonia Montecelio 1937",
  "Guijuelo",
  "Guilsfield",
  "Guimaraes",
  "Guimaraes B",
  "Guingamp",
  "Guingamp II",
  "Guiseley AFC",
  "Gullegem",
  "GVVV Veenendaal",
  "Gzira United",
  "H&H Export",
  "H&W Welders",
  "Habay-la-Neuve",
  "Hadiya Hosaena",
  "Hadley",
  "Haguenau",
  "Hakla SC",
  "Halesowen Town",
  "Halkanoras",
  "Hamburger SV",
  "Hamilton Academical",
  "Hampton & Richmond",
  "Hamrun Spartans",
  "Hanácká",
  "Hang Sai",
  "Hannover 96",
  "Hansa Rostock",
  "Hantharwady United",
  "Hanwell Town",
  "Hanworth Villa",
  "Hapoel Acre",
  "Hapoel Afula",
  "Hapoel Azor",
  "Hapoel Beer Sheva",
  "Hapoel Beit Shean",
  "Hapoel Bnei Musmus",
  "Hapoel Hadera",
  "Hapoel Haifa",
  "Hapoel Herzliya",
  "Hapoel Ironi Arraba",
  "Hapoel Ironi Karmiel",
  "Hapoel Katamon",
  "Hapoel Kfar Saba",
  "Hapoel Kfar Shalem",
  "Hapoel Marmorek",
  "Hapoel Migdal HaEmek",
  "Hapoel Nazareth Illit",
  "Hapoel Petah Tikva",
  "Hapoel Ra'anana",
  "Hapoel Ramat Gan",
  "Hapoel Ramat HaSharon",
  "Hapoel Rishon LeZion",
  "Hapoel Tel Aviv",
  "Hapoel Tirat HaCarmel",
  "Hapoel Umm al-Fahm",
  "Haras El Hodood",
  "Harborough Town",
  "Harbour View",
  "Harelbeke",
  "Harkemase Boys",
  "Haro Deportivo",
  "Harrogate Town",
  "Harrow Borough",
  "Hart Acedemy",
  "Hartlepool",
  "Hartley Wintney",
  "Hartpury University",
  "Hashtag United",
  "Hassocks",
  "Hastings United",
  "Hatayspor",
  "Hauts Lyonnais",
  "Havadar",
  "Havant & Wville",
  "Havelse",
  "Haverfordwest County AFC",
  "Havre Caucriauville",
  "Hawks",
  "Hayes & Yeading United",
  "HB Chelghoum Laïd",
  "Heart of Lions",
  "Heart Of Midlothian",
  "Hearts of Oak",
  "Hearts U21",
  "Hebburn Town",
  "Hednesford Town",
  "Heerenveen",
  "Heerenveen W",
  "Hekari United",
  "Hekimoğlu Trabzon",
  "Hellas Verona U20",
  "Helmond Sport",
  "Hemel Hempstead Town",
  "Hendon",
  "Hera United W",
  "Heraclea",
  "Heracles",
  "Herbania",
  "Hercules",
  "Hércules",
  "Hércules II",
  "Hereford",
  "Herne Bay",
  "Héroes de Zaci",
  "Herrera",
  "Hertford Town",
  "Hertha BSC",
  "Heybridge Swifts",
  "HHC",
  "Hibernian",
  "Hibernians",
  "Highbury",
  "Highlanders",
  "Hitchin Town",
  "HLM",
  "HNK Gorica",
  "HNK Hajduk Split",
  "HNK Rijeka",
  "HO Kalken",
  "Hodio",
  "Hoek",
  "Hoffenheim II",
  "Hohoe United",
  "Holon Yermiyahu",
  "Holstein Kiel",
  "Holyhead Hotspur",
  "Holywell",
  "Home Stars",
  "Home United",
  "Homeboyz",
  "Hong Kong FC",
  "Hoogeveen",
  "Hoogstraten",
  "Horizonte",
  "Horndean",
  "Horriya",
  "Horsham",
  "Hottin",
  "Hougang United",
  "Hound Dogs",
  "Houtvenne",
  "Hradec Králové II",
  "Hsc 21",
  "Huarte",
  "Huddersfield",
  "Huddersfield Town U21",
  "Huesca",
  "Huesca II",
  "Huétor Tájar",
  "Huétor Vega",
  "Huizen",
  "Hull City",
  "Hull City U21",
  "Humaitá",
  "Hungerford Town",
  "Hungry Lions",
  "Huntly",
  "Huracán Balazote",
  "Huracanes Izcalli",
  "Hussein Dey",
  "Hyde United",
  "Hyères",
  "I.S.P.E",
  "I9 FC U20",
  "IAPE",
  "IB Khémis El Khechna",
  "Ibiza",
  "Ibiza Islas Pitiusas",
  "Ibrachina U20",
  "Ibri",
  "İçel İdmanyurdu Spor",
  "Igea Virtus",
  "Iguatu",
  "Ijsselmeervogels",
  "Ikorodu City",
  "Ilioupoli",
  "Iliria Fushë-Krujë",
  "Ilisiakos",
  "Ilkeston Town",
  "Illescas",
  "Illueca",
  "Imigresen",
  "Imolese",
  "Imperatriz",
  "Imperia",
  "IMT Novi Beograd",
  "Independência",
  "Independente-AP U20",
  "Independiente de La Chorrera",
  "Independiente FSJ",
  "İnegöl Kafkas Gençlik",
  "İnegölspor",
  "Inhumas",
  "İnkılapspor",
  "Institute",
  "Inter",
  "Inter Allies",
  "Inter Club d'Escaldes",
  "Inter De Limeira",
  "Inter Ibiza",
  "Inter Limeira U20",
  "Inter Milano W",
  "Inter Moengotapoe",
  "Inter Nouakchott",
  "Inter Playa del Carmen",
  "Inter San Carlos",
  "Inter Santa Maria",
  "Inter Star",
  "Inter U23",
  "Intercity",
  "Interclube",
  "Internacional",
  "Internacional U20",
  "Internazionale U20",
  "Inverness CT",
  "Inverurie Loco Works",
  "Ionikos",
  "Ipswich",
  "Ipswich Town U21",
  "IR Reykjavik",
  "Iraklis 1908",
  "Iraklis Therm.",
  "Iraklis Yerolakkou",
  "Irapuato",
  "Ironi Baka El Garbiya",
  "Ironi Kiryat Shmona",
  "Ironi Modi'in",
  "Ironi Nesher",
  "Ironi Tiberias",
  "Ischia",
  "Isidro Metapán",
  "Ismaily SC",
  "Isparta 32 Spor",
  "İstanbulspor",
  "Istra 1961",
  "Istres",
  "Itabirito",
  "Italy U17",
  "Itaquá Athletico Clube U20",
  "Itesalat",
  "Ituano",
  "Ituano U20",
  "ITZ Sport",
  "Ivinhema",
  "Ivinhema U20",
  "Ivory Coast",
  "Ivry",
  "Izarra",
  "İzmir Çoruhlu FK",
  "Jabala",
  "Jacuipense",
  "Jaguaré",
  "Jaguares de Chiapas",
  "Jaish",
  "Jalapa",
  "Jaraaf",
  "Jarabacoa",
  "Jaraíz",
  "Jataiense",
  "JC",
  "Jeddah Club",
  "Jendouba Sport",
  "Jennings United",
  "Jequié",
  "Jerez",
  "Jersey Bulls",
  "Jeunesse Sportive Omrane",
  "Jia Hua",
  "JKT Tanzania",
  "John Hughes",
  "Johor Darul Takzim FC",
  "Joinville",
  "Jong Ajax",
  "Jong AZ",
  "Jong PSV U21",
  "Jong Utrecht",
  "Jove Español",
  "JS Bordj Ménaïel",
  "JS El Biar",
  "JS Jijel",
  "JS Kairouanaise",
  "JS Tixeraine",
  "JSK",
  "JSP",
  "Juarez U21",
  "Juárez W",
  "Juazeirense",
  "Jura Dolois",
  "Jura Sud Foot",
  "Juve Stabia",
  "Juvenes / Dogana",
  "Juventud Torremolinos",
  "Juventude",
  "Juventude Évora",
  "Juventude U20",
  "Juventude-MA U20",
  "Juventus",
  "Juventus U20",
  "Juventus U23",
  "Juventus W",
  "K. Beerschot V.A. Reserve U21",
  "K. Lierse S.K.",
  "KAA Gent II",
  "Kabati Youth FC",
  "Kabuscorp",
  "Kabwe Warriors",
  "KAC Soccer",
  "Kaédi",
  "Kafr Qasim",
  "Kahraba Ismailia",
  "Kahramanmaraş İstiklalsp",
  "Kahramanmaraşspor",
  "Kairat Almaty",
  "Kaizer Chiefs",
  "Kaizer Chiefs U23",
  "Kalaâ Sport",
  "Kalamata",
  "Kallithea",
  "Kampaniakos Chalastra",
  "Kanchanaburi",
  "Kano Pillars",
  "Kansanshi Dynamos",
  "Kapadokyaspor",
  "Karabük İdman Yurdu",
  "Karacabey Belediyespor",
  "Karadeniz Ereğli BSK",
  "Karaköprü Belediyespor",
  "Karaman Belediyespor",
  "Karela",
  "Kariobangi Sharks",
  "Karlsruher SC",
  "Karmiotissa",
  "Karsiyaka",
  "Kartal Bulvarspor",
  "Karystos",
  "Kasetsart FC",
  "Kasımpaşa",
  "Kastamonuspor 1966",
  "Kastrioti Krujë",
  "Katsina United",
  "Katwijk",
  "Kavala",
  "Kaya",
  "Kayanza United",
  "Kayserispor",
  "Kazma",
  "KCB",
  "KCCA",
  "Keçiörengücü",
  "Kedus Giorgis",
  "Keith",
  "Kelantan United",
  "Kelty Hearts",
  "Kentavros",
  "Kepez Belediyespor",
  "Kerkennah",
  "Kestel Çilek",
  "Kettering Town",
  "Kfar Saba 1928",
  "Khaitan",
  "Khalidiya",
  "Khan Shaykhun SC",
  "Kheybar Khorramabad",
  "Khon Kaen United",
  "Khorfakkan",
  "Khroub",
  "Kibera Black Stars",
  "Kidderminster Harriers",
  "Kidsgrove Athletic",
  "Kifisia",
  "Kilis Belediyespor",
  "Kilkisiakos",
  "Kilmarnock",
  "King Faisal",
  "King's Lynn Town",
  "Kingstonian",
  "Kirivong Sok Sen Chey",
  "Kiryat Yam SC",
  "Kissamikos",
  "Kisumu All Stars",
  "Kitara",
  "Kitchee",
  "Kiyovu Sports",
  "Kırıkkale Büyük Anadolu",
  "Kırklarelispor",
  "Kırşehir Belediyespor",
  "Kloetinge",
  "KMC",
  "Knokke",
  "Kocaelispor",
  "Koforidua",
  "Koléa",
  "Köln II",
  "Kompong Dewa",
  "Koninklijke HFC",
  "Konkola Blades",
  "Konyaspor",
  "Korabi Peshkopi",
  "Korba",
  "Korinthos",
  "Kortrijk",
  "Kortrijk U21",
  "Kowloon City",
  "Kozakken Boys",
  "Kozani",
  "KR Reykjavik",
  "Kraké",
  "Krasava Ypsonas",
  "KRC Genk II",
  "KRC Gent",
  "Kruger United",
  "Ksar",
  "Ksour Essef",
  "Kuala Lumpur FA",
  "Kuching FA",
  "Küçükçekmece Sinopspor",
  "Kun Khalifat FC",
  "Kütahyaspor",
  "KV Mechelen",
  "KVC Westerlo",
  "Kwara United",
  "L'Aquila",
  "L'Entregu",
  "L'Escala",
  "L'Hospitalet",
  "La Almunia",
  "La Calzada",
  "La Châtaigneraie",
  "La Fama",
  "La Fiorita",
  "La Horquetta Rangers",
  "La Linguère",
  "La Nucía",
  "La Roche VF",
  "La Solana",
  "La Unión Atlético",
  "La Viena FC",
  "La Virgen del Camino",
  "Laci",
  "Lagarto",
  "Lagun Onak",
  "Laguna",
  "Lajense",
  "Lamia",
  "Lamphun Warrior",
  "Lancaster City",
  "Langreo",
  "Lannion",
  "Lanzarote",
  "Lao Army",
  "Laredo",
  "Larisa",
  "Larkhall Athletic",
  "Larne",
  "Las Palmas",
  "Las Palmas II",
  "Las Palmas III",
  "Las Rozas",
  "Latina",
  "Latte Dolce",
  "Lausanne",
  "Lavagnese",
  "Laval",
  "Laval II",
  "Lazio",
  "Lazio U20",
  "Lazio W",
  "LCS",
  "LD Alajuelense",
  "LDF",
  "Le Havre",
  "Le Havre W",
  "Le Mans",
  "Le Messager Ngozi",
  "Le Pays du Valois",
  "Le Poiré sur Vie",
  "Le Puy Foot",
  "Lealtad",
  "Leamington",
  "Leatherhead",
  "Leça",
  "Lecce",
  "Lecce U20",
  "Lecco",
  "Lecco U19",
  "Leeds",
  "Leeds United U21",
  "Leek Town",
  "Lefkimmi",
  "Leganes",
  "Leganés II",
  "Lège-Cap-Ferret",
  "Legnago Salus",
  "Legon Cities",
  "Leicester",
  "Leicester City U21",
  "Leicesterfield",
  "Leighton Town",
  "Leiknir R.",
  "Leioa",
  "Leiston",
  "Leixoes",
  "Leixões U23",
  "Lenense",
  "Lens",
  "Lens W",
  "Lentigione",
  "Leo Victor",
  "Leon",
  "Leon Monza e Brianza",
  "León W",
  "Leones Negros",
  "Leones Negros UDG",
  "Lerumo Lions",
  "Les Herbiers",
  "Les Sables",
  "Levadiakos",
  "Levante",
  "Levante II",
  "Levante W",
  "Leverstock Green",
  "Lewes",
  "Leyton Orient",
  "Libertas",
  "Lichfield City",
  "Liège",
  "Lierse K. U21",
  "Life Sihanoukville",
  "Lifofane",
  "Ligorna",
  "Lijabatho",
  "Lille",
  "Lille II",
  "Limavady United",
  "Limkokwing University",
  "Limonest",
  "Linare",
  "Linares Deportivo",
  "Linas-Montlhery",
  "Lincoln",
  "Lincoln Red Imps FC",
  "Linense",
  "Linense U20",
  "Linfield",
  "Linlithgow Rose",
  "Lioli",
  "Lions Gibraltar",
  "Liphakoe",
  "Littlehampton Town",
  "Liverpool",
  "Liverpool U21",
  "Livingston",
  "Livorno",
  "Llandudno",
  "llanelli AFC",
  "Llanera",
  "Llanes",
  "Lleida Esportiu",
  "Llerenense",
  "Llosetense",
  "LMPS",
  "Lobos ULMX",
  "Lokeren-Temse",
  "Lommel U21",
  "Lommel United",
  "London Lions",
  "Londrina",
  "Long Eaton United",
  "Lorca Deportiva",
  "Lorient",
  "Lorient II",
  "Los Cabos United",
  "Lossiemouth",
  "Loto Popo",
  "Loughborough University",
  "Loughgall",
  "Loutraki",
  "Lower Breck",
  "Lowestoft Town",
  "Luanda City",
  "Luanda Villa",
  "Luangprabang FC",
  "Lubumbashi Sport",
  "Ludogorets",
  "Luftëtari",
  "Lugazi",
  "Lugo",
  "Lumezzane",
  "Luminense",
  "Luparense",
  "Lushnja",
  "Lusitânia Lourosa",
  "Lusitano Évora 1911",
  "Luton",
  "Luverdense",
  "Luverdense U20",
  "Lynx",
  "Lyon",
  "Lyon Duchere",
  "Lyon W",
  "Lyra-Lierse Berlaar",
  "M'saken",
  "Macarthur",
  "Maccabi Ahi Nazareth",
  "Maccabi Ashdod",
  "Maccabi Bnei Raina",
  "Maccabi Haifa",
  "Maccabi Herzliya",
  "Maccabi K. Ata Bialik",
  "Maccabi Kabilio Jaffa",
  "Maccabi Kiryat Gat",
  "Maccabi Kiryat Malachi",
  "Maccabi Netanya",
  "Maccabi Neve Sha'anan",
  "Maccabi Nujeidat Ahmed",
  "Maccabi Petah Tikva",
  "Maccabi Tel Aviv",
  "Maccabi Yavne",
  "Macclesfield",
  "Machokha",
  "Mâcon",
  "Madrid CFF W",
  "Madureira",
  "Mafra",
  "Magesi",
  "Magesi U23",
  "Magpies",
  "Maguary PE",
  "Maharlika",
  "Mahasarakham United",
  "Maidenhead",
  "Maidstone Utd",
  "Majantja",
  "Makedonikos Neapolis",
  "Malacateco",
  "Malaga",
  "Málaga II",
  "Malanti Chiefs",
  "Malavan",
  "Maldon & Tiptree",
  "Maleyet Kafr El Zayiat",
  "Mali",
  "Mali Coura",
  "Malkiya",
  "Mallorca",
  "Mallorca II",
  "Malmo FF",
  "Malole",
  "Malut United",
  "Malvern Town",
  "Malženice",
  "Mamelodi Sundowns",
  "Mamelodi Sundowns U23",
  "Man Utd Zambia Academy",
  "Manacor",
  "Managua",
  "Manauara",
  "Manaus FC",
  "Mancha Real",
  "Manchego",
  "Manchester 62",
  "Manchester City",
  "Manchester City U21",
  "Manchester United",
  "Manchester United U21",
  "Mandel United",
  "Manfredonia",
  "Maniema Union",
  "Manila Digger",
  "Manisa BBSK",
  "Manonyane",
  "Manresa",
  "Mansfield Town",
  "Mantova",
  "Manzini Sea Birds",
  "Manzini Wanderers",
  "Mara Sugar",
  "Maracanã",
  "Maranguape",
  "Maranhão",
  "Marbella",
  "Marbelli",
  "Marchamalo",
  "Marcílio Dias",
  "Mardin BB",
  "Margate",
  "Maricá U20",
  "Marine",
  "Marines",
  "Maringá",
  "Marino",
  "Marino de Luanco",
  "Maritimo",
  "Marítimo U23",
  "Maritzburg United U23",
  "Marko",
  "Marlow",
  "Maroala",
  "Maroons",
  "Marquense",
  "Marsa",
  "Marsaxlokk",
  "Marseille",
  "Marseille W",
  "Martin Pêcheur",
  "Martina Franca",
  "Martos",
  "Maruinense U20",
  "Marumo Gallants",
  "Marumo Gallants U23",
  "Masar",
  "Mashujaa",
  "Masr",
  "Master 7",
  "Matagalpa",
  "Matebele",
  "Mathare United",
  "Matlama",
  "Mazarrón FC",
  "Mazatlán",
  "Mazatlan FC U21",
  "Mazatlán W",
  "Mazıdağı Fosfatspor",
  "Mbabane Swallows",
  "Mbarara City",
  "Mbeya City",
  "MC Saida",
  "MCF",
  "MEAP Nisou",
  "Mebrat Hayl",
  "Mechelen II",
  "Medeama",
  "Medina United",
  "Meerssen",
  "Mégrine",
  "Mekelakeya",
  "Mekelle Kenema",
  "Melaka",
  "Melbourne City",
  "Melbourne City W",
  "Melbourne Victory",
  "Melbourne Victory W",
  "Melilla",
  "Melita",
  "Melksham Town",
  "Members",
  "Mendiola",
  "Menemen Belediyespor",
  "Mensajero",
  "Menzel Bourguiba",
  "Mercadal",
  "Merelbeke",
  "Mérida AD",
  "Merstham",
  "Merthyr Town",
  "Mes Kerman",
  "Mes Rafsanjan",
  "Mes Shahr-e Babak",
  "Mes Soongoun",
  "Messina",
  "Mestre",
  "Metaloglobus",
  "Metropolitan Police",
  "Metz",
  "Metz II",
  "Meux",
  "Mexicali FC",
  "Mgarr United",
  "Mickleover Sports",
  "Mictlán",
  "Middlesbrough",
  "Middlesbrough U21",
  "Midlands Wanderers",
  "Mighty Royals",
  "Migori Youth",
  "Mijas Las Lagunas",
  "Milan II",
  "Milan U20",
  "Milazzo",
  "Mildenhall Town",
  "Milford FC",
  "Millwall",
  "Millwall U21",
  "Miltiadis Pyrgos",
  "Milton Keynes Dons",
  "Milton Keynes Irish",
  "Mineros de Fresnillo",
  "Mineros de Zacatecas",
  "Mines",
  "Mirandes",
  "Mirandés II",
  "Mirassol",
  "Mirassol U20",
  "Mixco",
  "Mixto",
  "Mlada Boleslav",
  "Mladá Boleslav II",
  "MO Bejaia",
  "MO Constantine",
  "Moca",
  "Modena",
  "Modena U19",
  "MOFA",
  "Mojados",
  "Moknine",
  "Mold Alexandra",
  "Mollerussa",
  "Molynes United",
  "Mombasa Elite",
  "Monaco",
  "Monarcas",
  "Monastir",
  "Moncarapachense",
  "Moneni Pirates",
  "Moneyfields",
  "Monopoli U19",
  "Mons Calpe",
  "Monsoon",
  "Montañas Pas",
  "Montañesa",
  "Montañeses",
  "Monte Azul",
  "Monte Roraima U20",
  "Montego Bay United",
  "Montehermoso",
  "Monterrey",
  "Monterrey U21",
  "Monterrey W",
  "Montespaccato",
  "Montevarchi Calcio",
  "Montijo",
  "Montlouis",
  "Montpellier",
  "Montpellier II",
  "Montpellier W",
  "Montrose",
  "Monza",
  "Monza U20",
  "Moralo",
  "Morecambe",
  "Moreirense",
  "Morocco",
  "Morpeth Town",
  "Mortágua",
  "Morupule Wanderers",
  "Morvant Caledonia United",
  "Mosconia",
  "Mossley",
  "Mosta",
  "Móstoles",
  "Mosul",
  "Motema Pembe",
  "Motherwell",
  "Moto Club",
  "Motril",
  "Moulins-Yzeure Foot 03",
  "Mount Pleasant Academy",
  "Mousehole",
  "Mozambique",
  "MSP Batna",
  "MSV Duisburg",
  "Mtarfa",
  "Mtibwa Sugar",
  "Muangthong United",
  "Mufulira Wanderers",
  "Muğlaspor",
  "Muhanga",
  "Muharraq",
  "Mukura",
  "Muleño",
  "Mulhouse",
  "Municipal",
  "Municipal Grecia",
  "Municipal Liberia",
  "Municipal Limeño",
  "Murang'a SEAL",
  "Murata",
  "Murici Fc",
  "Muş Menderesspor",
  "Musanze",
  "Musongati",
  "Mutilvera",
  "Mutondo Stars",
  "Muzinga",
  "MVV",
  "Mwatate United",
  "N'Zidane",
  "Na God",
  "NAC Breda",
  "NAC Breda W",
  "Nacional",
  "Nacional AM",
  "Nacional AM U20",
  "Nacional de Patos",
  "Nacional SP U20",
  "Naft",
  "Naft Bandar Abbas",
  "Naft Gachsaran",
  "Naft Maysan",
  "NagaWorld",
  "Nairn County",
  "Nairobi City Stars",
  "Nairobi United",
  "Naivas",
  "Nakhon Pathom",
  "Nakhon Ratchasima FC",
  "Nakhon Si Thammarat",
  "Namtha United",
  "Namungo",
  "Nancy",
  "Nania",
  "Nantes",
  "Nantes II",
  "Nantes W",
  "Nantwich Town",
  "Napoli",
  "Napoli U20",
  "Napoli W",
  "NAPSA Stars",
  "Nardò",
  "Nasarawa United",
  "Nassaji Mazandaran",
  "National Bank of Egypt",
  "National Defense",
  "Nations",
  "Nautico Recife",
  "Nautico U20",
  "Navad Urmia",
  "Navalcarnero",
  "Navarro",
  "Naviraiense",
  "Naviraiense U20",
  "Náxara",
  "Naxxar Lions",
  "Nazilli Spor",
  "NC Magra",
  "Nchanga Rangers",
  "Nea Artaki",
  "Nea Ionia",
  "Nea Salamis",
  "Nea Selefkia",
  "NEC",
  "NEC Nijmegen",
  "NEC Nijmegen U19",
  "Necaxa",
  "Necaxa U21",
  "Necaxa W",
  "Needham Market",
  "Negelle Arsi",
  "Negeri Sembilan",
  "NEOM",
  "Nestos Chrisoupolis",
  "Neuilly sur Marne",
  "New Edubiase",
  "New Jack",
  "Newcastle",
  "Newcastle Jets",
  "Newcastle Jets FC W",
  "Newcastle Town",
  "Newcastle United U21",
  "Newington Youth",
  "Newmarket Town",
  "Newport County",
  "Newroz",
  "Newtown AFC",
  "Neza",
  "Ngozi City",
  "Nice",
  "Nico United",
  "Niğde Belediyesispor",
  "Niger Tornadoes",
  "Nigeria",
  "Niki Volos",
  "Nilüfer Belediye",
  "Nimes",
  "Ninove",
  "Niroye Zamini",
  "Nissa",
  "NK Lokomotiva Zagreb",
  "NK Osijek",
  "NK Slaven Belupo",
  "NK Varazdin",
  "Nkana",
  "Nkwazi",
  "Nocerina",
  "Noia",
  "Noja",
  "Nola 1925",
  "Nong Bua Pitchaya",
  "Noordwijk",
  "Nordia Jerusalem",
  "Noroeste",
  "Noroeste U20",
  "North District",
  "North Esporte",
  "Northampton",
  "Northern City",
  "Northwood",
  "Norwich",
  "Norwich City U18",
  "Norwich City U21",
  "Notaresco",
  "Notch",
  "Nottingham Forest",
  "Nottingham Forest U21",
  "Notts County",
  "Nouadhibou",
  "Nouakchott Academie",
  "Nouakchott King's",
  "Nova Iguaçu",
  "Nova Mutum EC",
  "Novara",
  "NovaRomentin",
  "Novo Hamburgo",
  "Novorizontino",
  "Novorizontino U20",
  "Nrb Beni Oulbene",
  "Nsingizini Hotspurs",
  "Nsuopun Fidelity",
  "Numancia",
  "Numancia II",
  "Nzoia Sugar",
  "O Elvas",
  "Oberena",
  "Obermais",
  "OCPAM",
  "Oeirense",
  "Oeste",
  "Oeste U20",
  "OFI",
  "OH Leuven",
  "OH Leuven W",
  "Oissel",
  "Okwawu",
  "Olbia",
  "Old Road",
  "Oldham",
  "Olimpia",
  "Olímpico SE U20",
  "Olímpico Totana",
  "Oliveirense",
  "Olot",
  "Oltrepò",
  "Olympiakos",
  "Olympiakos Piraeus",
  "Olympiakos Piraeus II",
  "Olympic Charleroi",
  "Olympic El Qanah",
  "Olympic Star",
  "Olympique Béja",
  "Olympique d'Alès",
  "Olympique Lyonnais II",
  "Olympique Marseille II",
  "Olympique St Quentin",
  "Oman Club",
  "Omaya SC",
  "Omonia 29is Maiou",
  "Omonia Aradippou",
  "Omonia Nicosia",
  "Onet-le-Château",
  "Ontinyent 1931",
  "Onze Créateurs",
  "Oostkamp",
  "Operario Ferroviario",
  "Operário MT",
  "Operário PR U20",
  "Operario-PR",
  "Orapa United",
  "Orbit College",
  "Orbit College U23",
  "Ordino",
  "Orduspor 1967",
  "Orestis Orestiadas",
  "Oriental Lisboa",
  "Orihuela",
  "Orlando Pirates",
  "Orlando Pirates U23",
  "Orleans",
  "Orléans II",
  "Orvietana Calcio",
  "Osasco Audax U20",
  "Osasuna",
  "Osasuna II",
  "Osmaniyespor",
  "Ospitaletto",
  "Ostia Mare",
  "Oţelul",
  "Ottos Rangers",
  "Ouakam",
  "Oud-Heverlee Leuven II",
  "Oudenaarde",
  "Ourense CF",
  "Oviedo",
  "Oxford City",
  "Oxford United",
  "Oyonesa",
  "PAC Academy",
  "Pachuca",
  "Pachuca U21",
  "Pachuca W",
  "Pacos Ferreira",
  "Paderborn II",
  "Padova",
  "Padova U19",
  "PAEEK",
  "Pafos",
  "Paganese",
  "Palencia CF",
  "Palermo",
  "Palermo U19",
  "Palmeiras",
  "Palmeiras U20",
  "Pamba Jiji",
  "Pamplona",
  "Panachaiki FC",
  "Panadería Pulido",
  "Panama",
  "Panargiakos",
  "Panathinaikos",
  "Panazol",
  "Panda B5",
  "Panegialios",
  "Panetolikos",
  "Pangytheatikos",
  "Panionios",
  "Panserraikos",
  "Pantanal",
  "Panthouriakos",
  "Panthrakikos",
  "PAO Kristoni",
  "PAOK",
  "PAOK Dytiko",
  "PAOK II",
  "Paranoá",
  "Paredes",
  "Parintins",
  "Paris FC",
  "Paris FC W",
  "Paris Saint Germain",
  "Paris Saint Germain W",
  "Parma",
  "Parma U20",
  "Parma W",
  "Parnahyba",
  "Pars Jonoubi JAM",
  "Partizani",
  "PAS Giannina",
  "Pasaia KE",
  "Paternò",
  "Patro Eisden",
  "Patro Eisden U21",
  "Pattani",
  "PAU",
  "Pau II",
  "Paulinia FU U20",
  "Pavia",
  "Paykan",
  "Pays de Cassel",
  "Pazarspor",
  "Pdrm",
  "PEC Zwolle",
  "PEC Zwolle W",
  "Pedroñeras",
  "Pelopas Kiatou",
  "Peña Balsamaiso",
  "Peña Deportiva",
  "Peña Sport",
  "Penafiel",
  "Penang",
  "Pendikspor",
  "Penedense",
  "Pennarossa",
  "Penrhyncoch",
  "Penya Encarnada",
  "Penybont",
  "Peralada",
  "Perez Zeledon",
  "Pergolettese",
  "Persebaya Surabaya",
  "Persekat",
  "Persela Lamongan",
  "Persepam Madura Utd",
  "Persepolis FC",
  "Persib Bandung",
  "Persiba Balikpapan",
  "Persija",
  "Persijap",
  "Persik Kediri",
  "Persikad Depok FC",
  "Persiku Kudus",
  "Persipal",
  "Persipura Jayapura",
  "Persiraja Banda Aceh",
  "Persis Solo",
  "Persita",
  "Perth Glory",
  "Perth Glory FC W",
  "Perugia",
  "Perugia U19",
  "Pescara",
  "Pescara U19",
  "Peterborough",
  "Peterborough Sports",
  "Peterborough United U21",
  "Peterhead",
  "Petro de Luanda",
  "Petrojet",
  "Petrolul Ploiesti",
  "Pharco",
  "Philippine Army",
  "Phnom Penh Crown",
  "Phoenix",
  "Phrae United",
  "Piacenza",
  "Pianese",
  "Piauí",
  "Pierikos",
  "Pietà Hotspurs",
  "Pigotts Bullets",
  "Pikine",
  "Pineto",
  "Pioneros de Cancún",
  "Pisa",
  "Pisa U19",
  "Pistoiese",
  "Pitbulls Santa Barbara FC",
  "Plateau United",
  "Platense",
  "Platges Calvià",
  "Plaza Amador",
  "Plymouth",
  "Plymouth Parkway",
  "Plzen",
  "Poblense",
  "Poggibonsi",
  "Pogradeci",
  "Point Fortin",
  "Poitiers",
  "Police",
  "Police National",
  "Police Tero",
  "Police XI",
  "Polokwane City",
  "Polokwane City U23",
  "Polvorín",
  "Pombal EC",
  "Pompei",
  "Pompiers",
  "Ponferradina",
  "Pontarlier",
  "Ponte Preta",
  "Ponte Preta U20",
  "Pontedera",
  "Pontevedra",
  "Pontivy GSI",
  "Poole Town",
  "Porreres",
  "Port City",
  "Port FC",
  "Port Vale",
  "Portadown",
  "Portimonense",
  "Portimonense B",
  "Portimonense U23",
  "Portishead Town",
  "Portmany",
  "Portmore United",
  "Porto BA",
  "Porto Vitória",
  "Portogruaro",
  "Portsmouth",
  "Portugalete",
  "Portuguesa",
  "Portuguesa RJ",
  "Portuguesa Santista U20",
  "Portuguesa U20",
  "Poseidon Nea Michaniona",
  "Posta Rangers FC",
  "Potenza",
  "Potiguar Mossoró",
  "Potters Bar Town",
  "Potters Tigers",
  "Potyguar",
  "Pouso Alegre",
  "Power Dynamos",
  "Poza Rica",
  "Pozoblanco",
  "Pozuelo Alarcón",
  "Prachuap",
  "Pradejón",
  "Prato",
  "Praviano",
  "Prescot Cables",
  "Preston",
  "Preußen Münster",
  "Primavera MG",
  "Primavera SP",
  "Princesa Solimões",
  "Prison Leopards",
  "Prison Service",
  "Pro Palazzolo",
  "Pro Patria",
  "Pro Sesto",
  "PRO Vercelli",
  "Pro Vercelli U19",
  "Progrès Sakiet Eddaïer",
  "Progresso",
  "Proodos Rogon",
  "Prostějov",
  "Proxy",
  "PSBS Biak Numfor",
  "PSIM Yogyakarta",
  "PSIS Semarang",
  "PSM Makassar",
  "PSMS Medan",
  "PSPS",
  "PSS Sleman",
  "PSV Eindhoven",
  "PSV U19",
  "PSV/Eindhoven W",
  "Puebla",
  "Puebla Calzada",
  "Puebla U21",
  "Puebla W",
  "Puente Genil",
  "Pumas UNAM W",
  "Puntarenas FC",
  "Pusamania Borneo",
  "Pyramids FC",
  "Pyrgos 1968",
  "Qarabag",
  "Qatar SC",
  "QFC",
  "QFC U20",
  "QPR",
  "Queen of the South",
  "Queen's University",
  "Queens Park Rangers U21",
  "Quepos Cambute",
  "Queretaro U21",
  "Querétaro W",
  "Quevilly",
  "Quick Boys",
  "Quintanar del Rey",
  "Quixada",
  "Quixadá U20",
  "Quorn",
  "RAAL La Louvière",
  "RAAL La Louviere U21",
  "Racing Besançon",
  "Racing Club Warwick",
  "Racing Colombes 92",
  "Racing de Veracruz",
  "Racing Ferrol",
  "Racing Madrid",
  "Racing Santander",
  "Racing Santander II",
  "Racing United",
  "Radcliffe",
  "Ragusa",
  "Rakhine United",
  "Ramsgate",
  "Rancho Santana",
  "Ranger's",
  "Rangers",
  "Rangers FC",
  "Rapid",
  "Rasi Salai United",
  "Ratchaburi",
  "Ravenna",
  "Raya Ghazl",
  "Rayners Lane",
  "Raynes Park Vale",
  "Rayo Majadahonda",
  "Rayo Vallecano",
  "Rayo Vallecano II",
  "Rayon Sports",
  "Rayong FC",
  "RB Bragantino",
  "RB Bragantino U20",
  "RB Leipzig",
  "RC Arba",
  "RC Catarroja",
  "RC Kouba",
  "RCA",
  "Reading",
  "Reading U21",
  "Real Acerrana",
  "Real Apodaca",
  "Real Ávila",
  "Real Avilés",
  "Réal Bamako",
  "Real Bedford",
  "Real Betis",
  "Real Betis II",
  "Real Brasília U20",
  "Real Calepina",
  "Real de Banjul",
  "Real Estelí",
  "Real FC",
  "Real Giulianova",
  "Real Jaén",
  "Real Koyari",
  "Real Madrid",
  "Real Madrid II",
  "Real Madrid III",
  "Real Madrid W",
  "Real Madriz",
  "Real Monterotondo",
  "Real Murcia",
  "Real Murcia II",
  "Real Normanna",
  "Real Noroeste",
  "Real Oviedo II",
  "Real SC U20",
  "Real Soccer U20",
  "Real Sociedad",
  "Real Sociedad II",
  "Real Sociedad III",
  "Real Sociedad W",
  "Real Tamale",
  "Real Titánico",
  "Real Unión",
  "Real Unión de Tenerife",
  "Real Valladolid II",
  "Real Zaragoza II",
  "Real-RR U20",
  "Reboceros La Piedad",
  "Rebordosa",
  "Recanatese",
  "Recreativo do Libolo",
  "Recreativo Huelva",
  "Red Arrows",
  "Red Bull Salzburg",
  "RED Star FC 93",
  "Redbridge",
  "Reddis",
  "Redditch United",
  "Redeyef",
  "Redonda FC",
  "Referencia U20",
  "Reggiana",
  "Reggiana U19",
  "Reggina",
  "Reims",
  "Reims II",
  "Remo Stars",
  "Remo U20",
  "Renaissance",
  "Renate",
  "Renate U19",
  "Rennes",
  "Rennes II",
  "Retrô",
  "Retrô U20",
  "Revilla",
  "RFC de Liege U21",
  "RFC Seraing Reserve U21",
  "RFC Wetteren",
  "Rhyl",
  "Richards Bay",
  "Richards Bay U23",
  "Rijnsburgse Boys",
  "Rijnvogels",
  "Rio Ave",
  "Rio Ave U23",
  "Rio Branco",
  "Rio Branco ES",
  "Rio Branco ES U20",
  "Rio Branco-VN",
  "River Plate",
  "Rivers United",
  "Rizespor",
  "RKAV Volendam",
  "Robin Hood",
  "Robres",
  "Rochdale",
  "Rochefort",
  "Roda",
  "Rodez",
  "Rodos",
  "Roeselare Daisel",
  "ROHDA Raalte",
  "Roma U20",
  "Roma W",
  "Romorantin",
  "Roosendaal",
  "Rospak",
  "Rot-Weiß Essen",
  "Rot-weiss Oberhausen",
  "Rotherham",
  "Rothes",
  "Rotlet Molinar",
  "Rouen",
  "Rousset-Ste Victoire",
  "Rovato Vertovese",
  "Royal AM U23",
  "Royal Leopards",
  "Royal Vision",
  "Royston Town",
  "RSC Anderlecht II",
  "RSD Alcalá",
  "Rugby Borough",
  "Rugby Town",
  "Rukinzo",
  "Rumilly Vallières",
  "Runcorn Linnets",
  "Rushall Olympic",
  "Ruthin Town",
  "Rutsiro",
  "RWDM",
  "RWDM U21",
  "Rylands",
  "Sabadell",
  "Sabah FA",
  "SAG Cestas",
  "Sagaing United",
  "Sagrada Esperança",
  "Saguntino",
  "Saham",
  "Saint Eloi Lupopo",
  "Saint Etienne",
  "Saint-Colomban Locminé",
  "Saint-Étienne II",
  "Saint-Étienne W",
  "Saint-Luc",
  "Saint-Malo",
  "Saint-Pierre Milizac",
  "Saint-Priest",
  "Sainte Geneviève",
  "Saipa",
  "Sakaryaspor",
  "Salamanca UDS",
  "Salavan United",
  "Salcedo",
  "Salernitana",
  "Salernitana U19",
  "Salford City",
  "Salisbury",
  "Saluzzo",
  "Sama Al Sarhan",
  "Samambaia",
  "Sámano",
  "Samartex",
  "Sambenedettese",
  "Sambiase",
  "Samger",
  "Sammaurese",
  "Šamorín",
  "Sampaio Correa",
  "Sampaio Corrêa RJ",
  "Sampdoria",
  "Sampdoria U19",
  "Samsunspor",
  "San Bartolomé",
  "San Carlos",
  "San Clemente",
  "San Cristóbal",
  "San Donato Tavarnelle",
  "San Francisco FC",
  "San Giovanni",
  "San Ignacio",
  "San Juan",
  "San Juan Jabloteh",
  "San Luigi",
  "San Marcial",
  "San Marino Academy",
  "San Martín",
  "San Miguel",
  "San Roque Lepe",
  "Sanat Naft",
  "Sancataldese",
  "Sanga Balende",
  "Sangiuliano City",
  "Sanjoanense",
  "Sankara Nationals",
  "Şanlıurfaspor",
  "Sanluqueño",
  "Sanremese",
  "Sansepolcro",
  "Sant Andreu",
  "Sant'Angelo",
  "Santa Amalia",
  "Santa Ana",
  "Santa Catarina",
  "Santa Clara",
  "Santa Clara U23",
  "Santa Cruz",
  "Santa Cruz AC",
  "Santa Cruz RN",
  "Santa Cruz U20",
  "Santa Fé SP U20",
  "Santa Green",
  "Santa Lucía",
  "Santanyí",
  "Santo André",
  "Santo André U20",
  "Santomera",
  "Santos",
  "Santos Laguna",
  "Santos Laguna U21",
  "Santos Laguna W",
  "Santos U20",
  "Santurtzi",
  "Sao Bento",
  "São Bento U20",
  "São Bernardo",
  "São Francisco",
  "São João Ver",
  "Sao Jose",
  "São José EC",
  "São José EC U20",
  "São Luiz",
  "Sao Luiz U20",
  "Sao Paulo",
  "São Paulo U20",
  "São Raimundo AM",
  "São Salvador",
  "Sarakinos",
  "Saran Municipal",
  "Sarıyer",
  "Sarnese",
  "Saronikos Anavyssou",
  "Sarrabus Ogliastra",
  "Sarriana",
  "Sassuolo",
  "Sassuolo U20",
  "Sassuolo W",
  "Saumur",
  "Savannakhet",
  "Savoia",
  "SC Braga",
  "SC Braga B",
  "SC Covilha",
  "SC Freiburg",
  "SC Genemuiden",
  "SC Paderborn 07",
  "SC Villa",
  "Scafatese",
  "Scandicci",
  "Scanzorosciate",
  "Scarborough Athletic",
  "Schalke 04 II",
  "Scunthorpe",
  "SD Logroñés",
  "SE União Cacoalense U20",
  "Sebat Gençlikspor",
  "Sefwi All Stars",
  "Sekhukhune United",
  "Sekhukhune United U23",
  "Selangor",
  "Selaya",
  "Semen Padang",
  "Senegal",
  "Sepahan FC",
  "Seraing United",
  "Seravezza",
  "Sergipe",
  "Serik Belediyespor",
  "Serra Branca",
  "Serra Talhada",
  "Sertãozinho",
  "Servette FC",
  "Sestao River",
  "Sestri Levante",
  "Sevenoaks Town",
  "Sevilla",
  "Sevilla Atletico",
  "Sevilla III",
  "Sevilla W",
  "Seyssinet-Pariset",
  "Sfax Railways",
  "SFC Minerva",
  "Sfera U20",
  "Shabab Al Ahli Dubai",
  "Shabab Al Ordon",
  "Shabana",
  "Shaftesbury Town",
  "Shahrdari Noshahr",
  "Shamiya",
  "Shams Azar Qazvin",
  "Shan United",
  "Shao Jiang",
  "Sharjah FC",
  "Sheffield United U21",
  "Sheffield Utd",
  "Sheffield Wednesday",
  "Sheffield Wednesday U21",
  "Sheger Ketema",
  "Shenavarsazi Qeshm",
  "Sheppey United",
  "Shepshed Dynamo",
  "Shifnal Town FC",
  "Shimshon Tel Aviv",
  "Sholing",
  "Shooting Stars",
  "Shorta",
  "Shrewsbury",
  "Sidama Bunna",
  "Siero",
  "Silifke Belediyespor",
  "Silivrispor",
  "Silva",
  "Simba",
  "Singida Black Stars",
  "Siracusa",
  "Sirens",
  "Sisaket United",
  "Sisonkhe",
  "Sitra",
  "Sittingbourne",
  "Sivasspor",
  "Siwelele",
  "SK Beveren",
  "Skalica",
  "Skenderbeu Korce",
  "Skyy",
  "Slavia Praha",
  "Sliema Wanderers",
  "Slough Town",
  "Slovan Liberec II",
  "Smail",
  "Smouha SC",
  "SNIM",
  "Sobradinho EC",
  "Sobradinho U20",
  "Soccer Intellectuals",
  "Sochaux",
  "Sochaux II",
  "Socuéllamos",
  "Sofapaka",
  "Sohar",
  "Söke 1970",
  "Solihull Moors",
  "Solomon Kings",
  "Somaspor",
  "Somozas",
  "Son Cladera",
  "Sonacos",
  "Sondrio",
  "Soneja",
  "Songkhla",
  "Sonseca",
  "Sora",
  "Sorrento",
  "Sousa",
  "South Africa",
  "South Island United",
  "South Melbourne",
  "South Park",
  "South Shields",
  "Southall",
  "Southampton",
  "Southampton U21",
  "Southend",
  "Southern District",
  "Southport",
  "Soy United",
  "Spain U17",
  "Spakenburg",
  "Spalding United",
  "Spanish Town Police",
  "Sparta Nijkerk",
  "Sparta Petegem",
  "Sparta Rotterdam",
  "Sparta Rotterdam II",
  "Sparta Rotterdam U19",
  "Spartakos Kitiou",
  "Spartans",
  "Spennymoor Town",
  "Spezia",
  "Spezia U19",
  "Sport Recife",
  "Sport Recife U20",
  "Sport Sinop",
  "Sportfreunde Lotte",
  "Sportfreunde Siegen",
  "Sporting",
  "Sporting Ben Arous",
  "Sporting Braga U23",
  "Sporting Canamy",
  "Sporting Charleroi II",
  "Sporting Club Inkberrow",
  "Sporting CP",
  "Sporting CP B",
  "Sporting CP U23",
  "Sporting Gijon",
  "Sporting Gijón II",
  "Sporting Hasselt",
  "Sporting Khalsa",
  "Sporting San Jose",
  "Sporting San Miguelito",
  "Sporting Trestina",
  "Sportlust '46",
  "Sporty",
  "Spouwen-Mopertingen",
  "SpVgg Greuther Fürth",
  "Sriwijaya FC",
  "SS Monopoli",
  "SS Reyes",
  "SS Reyes II",
  "SSV Jahn Regensburg",
  "SSV Ulm 1846",
  "SSVg Velbert",
  "St Albans City",
  "St Ives Town",
  "St Joseph S Fc",
  "St Maur Lusitanos",
  "ST Mirren",
  "St Neots Town",
  "St Ouen l'Aumône",
  "St-Philbert Gd Lieu",
  "St-Pryvé St-Hilaire",
  "St. Andrews",
  "St. Truiden",
  "Stade Beaucairois",
  "Stade Brestois 29",
  "Stade Briochin",
  "Stade de Mbour",
  "Stade Gabesien",
  "Stade Malien Bamako",
  "Stade Tunisien",
  "Stafford Rangers",
  "Stallion",
  "Stalybridge Celtic",
  "Stamford",
  "Standard Liege",
  "Standard Liège II",
  "Standard Liege W",
  "Stanway Rovers",
  "Staphorst",
  "SteDoCo",
  "Stellenbosch",
  "Stellenbosch U23",
  "Stenhousemuir",
  "Steve Biko",
  "Stevenage",
  "Stirling Albion",
  "Stirling University",
  "Stockay-Warfusée",
  "Stockport County",
  "Stocksbridge Park Steels",
  "Stockton Town",
  "Stoke City",
  "Stoke City U21",
  "Stotfold",
  "Stourbridge",
  "Stranraer",
  "Strasbourg",
  "Strasbourg II",
  "Strasbourg W",
  "Stratford Town",
  "Strathspey Thistle",
  "Sturm Graz",
  "Stuttgart II",
  "Sua Flamingoes",
  "Subiza",
  "Sudan",
  "Sudtirol",
  "Sudtirol U19",
  "Suhul Shire",
  "Sukhothai FC",
  "Sumsel United",
  "Sunderland",
  "Sunderland U21",
  "Sur",
  "Sutton Coldfield Town",
  "Sutton Utd",
  "SV Darmstadt 98",
  "SV Elversberg",
  "SV Rodinghausen",
  "SV Wehen",
  "Svay Rieng",
  "SVV Scheveningen",
  "Swansea",
  "Swansea City U21",
  "Swedru All Blacks",
  "Swieqi United",
  "Swindon Supermarine",
  "Swindon Town",
  "Sydney",
  "Sydney FC W",
  "Tabankulu",
  "Tabora United",
  "TAFIC",
  "Taguig",
  "Tahiti United",
  "Takeley",
  "Talanta",
  "Talasgücü Belediyespor",
  "Tamale City",
  "Tamaraceite",
  "Tampines Rovers",
  "Tamworth",
  "Tanabi SP U20",
  "Tanganyika",
  "Tanjong Pagar",
  "Tanta SC",
  "Tanzania",
  "Tanzania Prisons",
  "Tapachula",
  "Tapatío",
  "Tarancón",
  "Tarazona",
  "Tarbes",
  "Tarxien Rainbows",
  "Tatran Prešov",
  "Tau Altopascio",
  "Taubaté",
  "Taubaté U20",
  "Taunton Town",
  "Tauro FC",
  "Tavistock",
  "Team Altamura",
  "Team Rhino",
  "TEC",
  "Techiman Liberty",
  "Tecos",
  "Telde",
  "Teleghma",
  "Telstar",
  "Témouchent",
  "Tenerife",
  "Tenerife C",
  "Tenerife II",
  "Tenisca",
  "Tepatitlán",
  "Teplice",
  "Teramo",
  "Terengganu",
  "Teresina Esporte Club",
  "Termoli Calcio",
  "Ternana",
  "Ternana U19",
  "Ternana W",
  "Terranuova Traiana",
  "Terrassa",
  "Tersana",
  "Teruel",
  "Teungueth",
  "Teuta Durrës",
  "Tevragh-Zeïne",
  "TF Exponential",
  "Thame United",
  "Thaon",
  "The Bees",
  "The New Saints",
  "Thermaikos Thermis",
  "Thes Sport",
  "Thesprotos",
  "Thionville Lusitanos",
  "Thitsar Arman",
  "Thonon Évian",
  "Three Bridges",
  "Throttur Reykjavik",
  "Thyella Diastavroseos",
  "Thyella Patras",
  "Tiaret",
  "Tienen",
  "Tigres de Alica",
  "Tigres UANL",
  "Tigres UANL U21",
  "Tigres UANL W",
  "Tijuana W",
  "Tilbury",
  "Tilikratis",
  "Tira",
  "Tirana",
  "Tire 2021 FK",
  "Tirol/CEFAT",
  "Tirsense",
  "Tishreen",
  "Tiverton Town",
  "Tivoli Gardens",
  "Tlaxcala",
  "TMT",
  "TOGB",
  "Tokat Bld Plevnespor",
  "Toledo",
  "Toluca",
  "Toluca U21",
  "Toluca W",
  "Tomares",
  "Tombense",
  "Tona",
  "Tonbridge Angels",
  "Tondela",
  "Torcy",
  "Torhout",
  "Torina",
  "Torino",
  "Torino U20",
  "Tornado Pekanbaru",
  "Torquay",
  "Torre del Mar",
  "Torreense",
  "Torreense U23",
  "Torrejón",
  "Torrellano",
  "Torrent",
  "Torreperogil",
  "Torres",
  "Tottenham",
  "Tottenham Hotspur U21",
  "Toulon",
  "Toulouse",
  "Toulouse II",
  "Touring",
  "Township Rollers",
  "TP Mazembe",
  "Trabzonspor",
  "Tractor Sazi",
  "Trafford",
  "Tranent Juniors",
  "Tranmere",
  "Transvaal",
  "Trapani 1905",
  "Trastevere",
  "Trat FC",
  "Tre Fiori",
  "Tre Penne",
  "Treasure Beach",
  "Trento",
  "Tres Cantos",
  "Trevigliese",
  "Treviso",
  "Treze",
  "Triestina",
  "Trikala",
  "Trindade U20",
  "Tritons Vallarta",
  "Trival Valderas",
  "Trofense",
  "Tropezón",
  "Trouville Deauville",
  "Troyes II",
  "True Democracy",
  "Truro City",
  "TS Galaxy",
  "TS Galaxy U23",
  "Tshinkunku",
  "TSV 1860 München",
  "Tubize",
  "Tudelano",
  "Tuilla",
  "Tuloy",
  "Tuna Luso PA U20",
  "Tunisia",
  "Tuntum",
  "Türk Metal 1963",
  "Turriff United",
  "Tusker",
  "Tuttocuoio",
  "Tuzlaspor",
  "Twente",
  "Twente W",
  "Txantrea",
  "Tzeirei Umm al-Fahm",
  "Tzeirey Tamra",
  "Tzeirey Tira",
  "U.N.A.M. - Pumas",
  "UA Zacatecas",
  "Uberlandia",
  "Ubombo Sugar",
  "Ucam Murcia",
  "UCAM Murcia II",
  "UCC Youngsters",
  "UD Caravaca",
  "UD Casetas",
  "UD da Serra",
  "UD Logroñés",
  "UD Logroñés II",
  "UD Melilla II",
  "UD Ourense",
  "UD San Fernando",
  "UD San Pedro",
  "UD Santa Marta",
  "UDI '19",
  "Udinese",
  "Udinese U20",
  "UE Santa Coloma",
  "UF Touraine",
  "Uganda",
  "Ulinzi Stars",
  "UMECIT",
  "UMM Salal",
  "Ümraniyespor",
  "UNA",
  "UNAM Pumas U21",
  "UNAN Managua",
  "União de Leiria",
  "União Leiria U23",
  "União Mogi U20",
  "União Rondonópolis",
  "União Rondonópolis U20",
  "União Santarém",
  "Uniao Trabalhadores",
  "Unión Adarve",
  "Union Berlin",
  "Union Brescia",
  "Union Cocle",
  "Union Cosnoise",
  "Unión Molinense",
  "Union Namur",
  "Union Saint-Gilloise II",
  "Union St. Gilloise",
  "Unión Sur Yaiza",
  "Unionistas de Salamanca",
  "Unionistas II",
  "Unipomezia",
  "Unirea Slobozia",
  "United of Manchester",
  "Universidad O&M",
  "Universidade de Macau",
  "Universitatea Cluj",
  "Universitatea Craiova",
  "University of Pretoria",
  "UPDF",
  "Upington City",
  "URA",
  "URK",
  "US Ben Guerdane",
  "US Biskra",
  "US Bougouba",
  "US Chaouia",
  "US Monastirienne",
  "US Tataouine",
  "Uşak Spor",
  "USD Casatese",
  "USD Palmese",
  "USFAS Bamako",
  "USM Annaba",
  "Usm El Harrach",
  "USSA Vertou",
  "Uta Arad",
  "Utebo",
  "Uthai Thani",
  "Utiel",
  "Utrecht",
  "Utrecht U19",
  "Utrecht W",
  "Utrera",
  "Utrillas",
  "Uxbridge",
  "Vado",
  "Valencia",
  "Valencia II",
  "Valenciennes",
  "Valenzana",
  "Vall de Uxó",
  "Valladolid",
  "Valle Egüés",
  "Valletta FC",
  "Valmontone",
  "Valur Reykjavik",
  "Van BB",
  "Vannes",
  "Vanuatu United",
  "Varea",
  "Varesina",
  "Varzim",
  "Vasco DA Gama",
  "Vasco da Gama AC",
  "Vasco da Gama U20",
  "Vauxhall Motors",
  "VC Warriors",
  "VCD Athletic",
  "Vega Real",
  "Velo Clube",
  "Velo Clube U20",
  "Venados FC",
  "Venda FC",
  "Vendée Fontenay",
  "Venezia",
  "Venezia U19",
  "Veraguas",
  "Veria",
  "Verl",
  "Verona",
  "Versailles",
  "Versailles II",
  "VfB Stuttgart",
  "VfL Bochum",
  "VfL Osnabrück",
  "VfL Wolfsburg",
  "Vianense",
  "Vianés",
  "Vibonese",
  "Vic",
  "Vicenza U19",
  "Vicenza Virtus",
  "Victor San Marino",
  "Viengchanh",
  "Vierzon FC",
  "Vigasio",
  "Vigor Lamezia",
  "Vigor Senigallia",
  "Vihiga United FC",
  "Vikingur Reykjavik",
  "Viktoria Žižkov",
  "Vila Nova",
  "Vila Nova U20",
  "Vilanova",
  "Vilassar Mar",
  "Vilavelhense",
  "Villa Santa Brígida",
  "Villa Valle",
  "Villacañas",
  "Villafranca",
  "Villalbés",
  "Villanovense",
  "Villanueva Pardillo",
  "Villaralbo",
  "Villarreal",
  "Villarreal II",
  "Villarreal III",
  "Villarrobledo",
  "Villarrubia",
  "Villaverde-Boetticher",
  "Villefranche",
  "Villefranche SJB",
  "Villegas",
  "Vimenor",
  "Vimy",
  "Vipers",
  "Vire",
  "Virtus",
  "Virtus Ciserano Bergamo",
  "Virtus Entella",
  "Virtus Entella U19",
  "Virtus Francavilla",
  "Virtus Verona",
  "Vis Pesaro",
  "Visakha",
  "Vision",
  "Vita Club",
  "Vital'O",
  "Vitesse",
  "Vitoria",
  "Vitória de Sernache",
  "Vitória ES",
  "Vitória U20",
  "Vitré",
  "Vittoriosa Stars",
  "Viveiro",
  "Vizela",
  "Vizela U23",
  "Vlašim",
  "Vllaznia Shkodër",
  "Vogherese",
  "Volos NFC",
  "Volta Redonda",
  "Volta Redonda U20",
  "Voorwaarts",
  "Vora",
  "Votuporanguense",
  "Votuporanguense U20",
  "Vukovar",
  "VV Scherpenzeel",
  "Vvsb",
  "VVV Venlo",
  "VW Hamme",
  "Vyrona",
  "WA Mostaganem",
  "Wa Power",
  "WA Tlemcen",
  "Waalwijk",
  "Waasland-Beveren U21",
  "Wadi Degla",
  "WAFA",
  "Waldhof Mannheim",
  "Wally Daan",
  "Walsall",
  "Walter Ferretti",
  "Waltham Abbey",
  "Walthamstow",
  "Walton & Hersham",
  "Ware",
  "Warrenpoint Town",
  "Warri Wolves",
  "Warrington Town",
  "Warriors",
  "Wasquehal",
  "Waterhouse",
  "Watford",
  "Watford U21",
  "Wathba",
  "Wealdstone",
  "Welayta Dicha",
  "Welling United",
  "Wellingborough Town",
  "Wellington Phoenix",
  "Wellington Phoenix W",
  "Welwalo Adigrat Uni",
  "Welwyn Garden City",
  "Werder Bremen",
  "West Brom",
  "West Bromwich Albion U21",
  "West Ham",
  "West Ham United U21",
  "Westbury United",
  "Westerlo U21",
  "Westerlo W",
  "Western Sydney Wanderers",
  "Western Sydney Wanderers W",
  "Westfield (Surrey)",
  "Westhoek",
  "Weston-super-Mare",
  "Weymouth",
  "Whitby Town",
  "Whitehawk",
  "Wick Academy",
  "Wiedenbrück",
  "Wigan",
  "Wigan Athletic U21",
  "Wikki Tourist",
  "Wiliete",
  "Willand Rovers",
  "Willem II",
  "Willem II U19",
  "Wimborne Town",
  "Winchester City",
  "Wingate & Finchley",
  "Witham Town",
  "Witton Albion",
  "Wofoo Tai Po",
  "Woking",
  "Wolves",
  "Wolves U21",
  "Worcester City",
  "Workington",
  "Worksop Town",
  "Worthing",
  "Wrexham",
  "Wroxham",
  "Wuppertaler SV",
  "Wycombe",
  "Wythenshawe Town",
  "Xanthi FC",
  "Xelajú",
  "Xerez",
  "Xerez Deportivo",
  "XV de Jaú U20",
  "XV de Piracicaba",
  "XV de Piracicaba U20",
  "Yadanarbon",
  "Yagüe",
  "Yalova Yeşilovaspor",
  "Yangon United",
  "Yapei",
  "Yarmanya United",
  "Yarmouk",
  "Yate Town",
  "Yeclano",
  "Yeclano II",
  "Yeni Çorumspor",
  "Yeni Malatyaspor",
  "Yeni Orduspor",
  "Yeovil Town",
  "Yeşilyurt Belediyespor",
  "York",
  "Young Africans",
  "Young Apostles",
  "Young Buffaloes",
  "Young Elephant",
  "Young Lions",
  "Yozgat Bld Bozokspor",
  "Ypiranga-RS",
  "Zabbar St. Patrick",
  "Zacatecoluca",
  "Zacatepec 1948",
  "Zakho",
  "Zakynthos",
  "Zamalek SC",
  "Zambia",
  "Zamora",
  "Zamudio",
  "Zanaco",
  "Zaragoza",
  "Zarautz",
  "Zebbug Rangers",
  "Zébra Élites",
  "Zelzate",
  "ZESCO United",
  "Zimbabwe",
  "Zitacuaro",
  "Zlaté Moravce",
  "Zlin",
  "Zlín II",
  "ZOB Ahan",
  "Zonguldak Kömürspor",
  "Zuera",
  "Zulte Waregem",
  "Zulte Waregem II",
  "Zulte-Waregem W",
  "Zurrieq",
  "Zwaluwen"
]